ssuid,shhadid,pnum,monthcode,aage,adob_bmonth,adob_byear,edob_bmonth,tage,tage_ehc,tdob_byear,eothsuprt1yn,eothsuprt2yn,apartotamt,tpartotamt,tkidtotamt,wpfinwgt,uid,supports_parents,supports_children,age_group,generation
114285765,11,101.0,12.0,1.0,1.0,1.0,8.0,37.0,37.0,1976.0,1.0,1.0,1.0,3000.0,3000.0,5047.522295407794,000114285765-101.0,True,True,30-39,Generation x
418086360,11,103.0,12.0,1.0,1.0,1.0,5.0,61.0,61.0,1952.0,2.0,1.0,0.0,0.0,1300.0,4736.1731700197215,000418086360-103.0,False,True,60 years and over,Boomer
418294316,11,101.0,12.0,1.0,1.0,1.0,2.0,74.0,73.0,1940.0,2.0,1.0,0.0,0.0,12000.0,3781.510854965986,000418294316-101.0,False,True,60 years and over,Silent
418359149,11,101.0,12.0,1.0,1.0,1.0,12.0,58.0,58.0,1955.0,2.0,1.0,0.0,0.0,10000.0,5853.272611841008,000418359149-101.0,False,True,50-59,Boomer
418533950,11,102.0,12.0,1.0,1.0,1.0,7.0,56.0,56.0,1957.0,2.0,1.0,0.0,0.0,420.0,2717.634399836464,000418533950-102.0,False,True,50-59,Boomer
418783932,11,101.0,12.0,1.0,1.0,1.0,6.0,25.0,25.0,1988.0,2.0,1.0,0.0,0.0,160.0,5200.166157073951,000418783932-101.0,False,True,under 30,Millennials
418995582,11,101.0,12.0,1.0,1.0,1.0,10.0,54.0,54.0,1959.0,2.0,1.0,0.0,0.0,1000.0,3526.700134252716,000418995582-101.0,False,True,50-59,Boomer
860121267,11,101.0,12.0,1.0,1.0,1.0,10.0,77.0,77.0,1936.0,2.0,1.0,0.0,0.0,2390.0,6099.47673649297,000860121267-101.0,False,True,60 years and over,Silent
860135194,11,101.0,12.0,1.0,1.0,1.0,1.0,44.0,43.0,1970.0,2.0,1.0,0.0,0.0,10000.0,7208.649857808398,000860135194-101.0,False,True,40-49,Generation x
860135194,11,102.0,12.0,1.0,1.0,1.0,7.0,44.0,44.0,1969.0,1.0,1.0,1.0,3000.0,10000.0,7208.649857808398,000860135194-102.0,True,True,40-49,Generation x
860135267,11,101.0,12.0,1.0,1.0,1.0,10.0,51.0,51.0,1962.0,2.0,1.0,0.0,0.0,10000.0,7050.227304861752,000860135267-101.0,False,True,50-59,Boomer
995092660,11,102.0,12.0,1.0,1.0,1.0,10.0,31.0,31.0,1982.0,2.0,1.0,0.0,0.0,6520.0,4204.461422367385,000995092660-102.0,False,True,30-39,Millennials
995689291,11,101.0,12.0,1.0,1.0,1.0,3.0,60.0,59.0,1954.0,2.0,1.0,0.0,0.0,500.0,3385.8067665181698,000995689291-101.0,False,True,60 years and over,Boomer
38274408561,11,101.0,12.0,1.0,1.0,1.0,7.0,62.0,62.0,1951.0,2.0,1.0,0.0,0.0,2100.0,7851.539140870305,038274408561-101.0,False,True,60 years and over,Boomer
38274816051,11,101.0,12.0,1.0,1.0,1.0,12.0,34.0,34.0,1979.0,2.0,1.0,0.0,0.0,121.0,5248.394095303507,038274816051-101.0,False,True,30-39,Generation x
38285049373,11,101.0,12.0,1.0,1.0,1.0,1.0,87.0,87.0,1927.0,2.0,1.0,0.0,0.0,27000.0,6096.665394233419,038285049373-101.0,False,True,60 years and over,Silent
38285049621,11,101.0,12.0,1.0,1.0,1.0,6.0,65.0,65.0,1948.0,2.0,1.0,0.0,0.0,8000.0,6285.9195718872825,038285049621-101.0,False,True,60 years and over,Boomer
38285438804,11,101.0,12.0,1.0,1.0,1.0,7.0,51.0,51.0,1962.0,2.0,1.0,0.0,0.0,8000.0,1492.5050857947895,038285438804-101.0,False,True,50-59,Boomer
38285849373,11,101.0,12.0,1.0,1.0,1.0,5.0,61.0,61.0,1952.0,2.0,1.0,0.0,0.0,22000.0,6203.537115347956,038285849373-101.0,False,True,60 years and over,Boomer
38406046547,11,102.0,12.0,1.0,1.0,1.0,4.0,45.0,45.0,1968.0,2.0,1.0,0.0,0.0,900.0,1354.6059752195654,038406046547-102.0,False,True,40-49,Generation x
38418049820,11,101.0,12.0,1.0,1.0,1.0,7.0,61.0,61.0,1952.0,2.0,1.0,0.0,0.0,3000.0,5816.89559405489,038418049820-101.0,False,True,60 years and over,Boomer
38418172440,11,101.0,12.0,1.0,1.0,1.0,2.0,50.0,49.0,1964.0,2.0,1.0,0.0,0.0,900.0,2449.115712933527,038418172440-101.0,False,True,50-59,Boomer
38418215108,11,102.0,12.0,1.0,1.0,1.0,1.0,57.0,56.0,1957.0,2.0,1.0,0.0,0.0,600.0,1865.640845366167,038418215108-102.0,False,True,50-59,Boomer
38418215999,11,102.0,12.0,1.0,1.0,1.0,9.0,48.0,48.0,1965.0,2.0,1.0,0.0,0.0,5000.0,2192.4055150442573,038418215999-102.0,False,True,40-49,Generation x
38418285020,11,101.0,12.0,1.0,1.0,1.0,6.0,25.0,25.0,1988.0,1.0,1.0,1.0,2600.0,2600.0,8827.316577766218,038418285020-101.0,True,True,under 30,Millennials
38418285932,11,102.0,12.0,1.0,1.0,1.0,7.0,43.0,43.0,1970.0,2.0,1.0,0.0,0.0,12000.0,1410.7443479312956,038418285932-102.0,False,True,40-49,Generation x
38418438338,11,101.0,12.0,1.0,1.0,1.0,7.0,76.0,76.0,1937.0,2.0,1.0,0.0,0.0,15000.0,4235.832999398025,038418438338-101.0,False,True,60 years and over,Silent
38418552932,11,101.0,12.0,1.0,1.0,1.0,11.0,45.0,45.0,1968.0,2.0,1.0,0.0,0.0,12100.0,1603.7820484017789,038418552932-101.0,False,True,40-49,Generation x
38418828280,11,101.0,12.0,1.0,1.0,1.0,3.0,59.0,58.0,1955.0,2.0,1.0,0.0,0.0,9600.0,3192.497309554057,038418828280-101.0,False,True,50-59,Boomer
38418828668,11,103.0,12.0,1.0,1.0,1.0,11.0,38.0,38.0,1975.0,2.0,1.0,0.0,0.0,4800.0,2361.9332399426644,038418828668-103.0,False,True,30-39,Generation x
38552662552,11,101.0,12.0,1.0,1.0,1.0,7.0,50.0,50.0,1963.0,2.0,1.0,0.0,0.0,2200.0,2837.488404514089,038552662552-101.0,False,True,50-59,Boomer
38552982671,11,101.0,12.0,1.0,1.0,1.0,9.0,55.0,55.0,1958.0,2.0,1.0,0.0,0.0,800.0,2743.1701531026747,038552982671-101.0,False,True,50-59,Boomer
38555049341,11,101.0,12.0,1.0,1.0,1.0,2.0,51.0,50.0,1963.0,2.0,1.0,0.0,0.0,200.0,8297.504803178588,038555049341-101.0,False,True,50-59,Boomer
38816500018,11,101.0,12.0,1.0,1.0,1.0,4.0,56.0,55.0,1958.0,2.0,1.0,0.0,0.0,1200.0,1713.0631799019839,038816500018-101.0,False,True,50-59,Boomer
38816847018,11,101.0,12.0,1.0,1.0,1.0,4.0,61.0,60.0,1953.0,2.0,1.0,0.0,0.0,4000.0,3169.342643773969,038816847018-101.0,False,True,60 years and over,Boomer
38816847189,11,102.0,12.0,1.0,1.0,1.0,6.0,61.0,61.0,1952.0,2.0,1.0,0.0,0.0,2400.0,3537.274363990789,038816847189-102.0,False,True,60 years and over,Boomer
38860021116,11,101.0,12.0,1.0,1.0,1.0,11.0,57.0,57.0,1956.0,2.0,1.0,0.0,0.0,1000.0,1594.360999755268,038860021116-101.0,False,True,50-59,Boomer
38860043536,11,101.0,12.0,1.0,1.0,1.0,7.0,48.0,48.0,1965.0,2.0,1.0,0.0,0.0,150.0,2248.238985969831,038860043536-101.0,False,True,40-49,Generation x
38860057259,11,102.0,12.0,1.0,1.0,1.0,4.0,61.0,60.0,1953.0,2.0,1.0,0.0,0.0,1800.0,5503.1182834583715,038860057259-102.0,False,True,60 years and over,Boomer
38860086950,11,102.0,12.0,1.0,1.0,1.0,3.0,50.0,49.0,1964.0,2.0,1.0,0.0,0.0,400.0,3803.551277394513,038860086950-102.0,False,True,50-59,Boomer
38860092089,11,102.0,12.0,1.0,1.0,1.0,3.0,53.0,52.0,1961.0,2.0,1.0,0.0,0.0,500.0,5098.590148177964,038860092089-102.0,False,True,50-59,Boomer
38860172061,11,101.0,12.0,1.0,1.0,1.0,5.0,59.0,59.0,1954.0,2.0,1.0,0.0,0.0,2000.0,3040.1412495490795,038860172061-101.0,False,True,50-59,Boomer
38860228995,11,102.0,12.0,1.0,1.0,1.0,7.0,76.0,76.0,1937.0,2.0,1.0,0.0,0.0,1000.0,5839.597239015147,038860228995-102.0,False,True,60 years and over,Silent
38860274087,11,102.0,12.0,1.0,1.0,1.0,6.0,69.0,69.0,1944.0,2.0,1.0,0.0,0.0,2100.0,6285.9195718872825,038860274087-102.0,False,True,60 years and over,Silent
38860285070,11,101.0,12.0,1.0,1.0,1.0,6.0,60.0,60.0,1953.0,2.0,1.0,0.0,0.0,1080.0,1304.9442788310569,038860285070-101.0,False,True,60 years and over,Boomer
38860334369,11,101.0,12.0,1.0,1.0,1.0,12.0,64.0,64.0,1949.0,2.0,1.0,0.0,0.0,12000.0,1653.8558050116562,038860334369-101.0,False,True,60 years and over,Boomer
38860382160,11,105.0,12.0,1.0,6.0,1.0,10.0,24.0,24.0,1989.0,2.0,1.0,0.0,0.0,121.0,3831.7533846170422,038860382160-105.0,False,True,under 30,Millennials
38860403832,11,101.0,12.0,1.0,1.0,1.0,3.0,52.0,52.0,1961.0,2.0,1.0,0.0,0.0,1000.0,4492.571097565635,038860403832-101.0,False,True,50-59,Boomer
38860406729,11,101.0,12.0,1.0,1.0,1.0,5.0,58.0,58.0,1955.0,2.0,1.0,0.0,0.0,200.0,7908.901119393913,038860406729-101.0,False,True,50-59,Boomer
38860438688,11,102.0,12.0,1.0,1.0,1.0,6.0,61.0,61.0,1952.0,2.0,1.0,0.0,0.0,3700.0,3137.6539841030226,038860438688-102.0,False,True,60 years and over,Boomer
38860494198,11,101.0,12.0,1.0,1.0,1.0,5.0,45.0,45.0,1968.0,2.0,1.0,0.0,0.0,8000.0,2167.153339231685,038860494198-101.0,False,True,40-49,Generation x
38860501207,11,101.0,12.0,1.0,1.0,1.0,7.0,66.0,66.0,1947.0,2.0,1.0,0.0,0.0,7000.0,3557.700042301937,038860501207-101.0,False,True,60 years and over,Boomer
38860533207,11,101.0,12.0,1.0,1.0,1.0,7.0,30.0,30.0,1983.0,2.0,1.0,0.0,0.0,4010.0,3459.3221473896187,038860533207-101.0,False,True,30-39,Millennials
38860597092,11,101.0,12.0,1.0,1.0,1.0,7.0,68.0,68.0,1945.0,2.0,1.0,0.0,0.0,1200.0,3033.4408844003456,038860597092-101.0,False,True,60 years and over,Silent
38860604363,11,101.0,12.0,1.0,1.0,1.0,10.0,62.0,62.0,1951.0,2.0,1.0,0.0,0.0,27000.0,2815.4370043383155,038860604363-101.0,False,True,60 years and over,Boomer
38860604373,11,102.0,12.0,1.0,1.0,1.0,10.0,51.0,51.0,1962.0,2.0,1.0,0.0,0.0,13000.0,6051.2803146319675,038860604373-102.0,False,True,50-59,Boomer
38860609449,11,102.0,12.0,1.0,1.0,1.0,5.0,67.0,67.0,1946.0,2.0,1.0,0.0,0.0,500.0,3545.2367988867627,038860609449-102.0,False,True,60 years and over,Boomer
38860609630,11,101.0,12.0,1.0,1.0,1.0,3.0,63.0,62.0,1951.0,2.0,1.0,0.0,0.0,300.0,3463.949948881501,038860609630-101.0,False,True,60 years and over,Boomer
38860662246,11,101.0,12.0,1.0,1.0,1.0,2.0,65.0,64.0,1949.0,2.0,1.0,0.0,0.0,7200.0,3230.8075078597963,038860662246-101.0,False,True,60 years and over,Boomer
38860689676,11,101.0,12.0,1.0,1.0,1.0,7.0,70.0,70.0,1943.0,2.0,1.0,0.0,0.0,2400.0,6268.370573996046,038860689676-101.0,False,True,60 years and over,Silent
38860689699,11,101.0,12.0,1.0,1.0,1.0,11.0,59.0,59.0,1954.0,2.0,1.0,0.0,0.0,4000.0,7057.8652174611825,038860689699-101.0,False,True,50-59,Boomer
38860809310,11,101.0,12.0,1.0,1.0,1.0,7.0,53.0,53.0,1960.0,2.0,1.0,0.0,0.0,10.0,1582.2606818515435,038860809310-101.0,False,True,50-59,Boomer
38860814067,11,101.0,12.0,1.0,1.0,1.0,11.0,64.0,64.0,1949.0,2.0,1.0,0.0,0.0,10800.0,4334.0591345229295,038860814067-101.0,False,True,60 years and over,Boomer
38860816494,11,101.0,12.0,1.0,1.0,1.0,3.0,62.0,62.0,1951.0,2.0,1.0,0.0,0.0,6000.0,5321.952994683131,038860816494-101.0,False,True,60 years and over,Boomer
38860848751,11,102.0,12.0,1.0,1.0,1.0,8.0,56.0,56.0,1957.0,2.0,1.0,0.0,0.0,150.0,1954.8672760536729,038860848751-102.0,False,True,50-59,Boomer
38860911935,11,101.0,12.0,1.0,1.0,1.0,3.0,72.0,71.0,1942.0,2.0,1.0,0.0,0.0,4000.0,3369.5078987817187,038860911935-101.0,False,True,60 years and over,Silent
38860995538,11,101.0,12.0,1.0,1.0,1.0,11.0,68.0,68.0,1945.0,2.0,1.0,0.0,0.0,3500.0,8237.565263557592,038860995538-101.0,False,True,60 years and over,Silent
38995406194,11,101.0,12.0,1.0,1.0,1.0,10.0,45.0,45.0,1968.0,2.0,1.0,0.0,0.0,108.0,1329.6483040942962,038995406194-101.0,False,True,40-49,Generation x
38995860668,11,102.0,12.0,1.0,1.0,1.0,5.0,43.0,43.0,1970.0,2.0,1.0,0.0,0.0,14300.0,2102.96350031419,038995860668-102.0,False,True,40-49,Generation x
292092046198,11,101.0,12.0,1.0,1.0,1.0,10.0,44.0,44.0,1969.0,2.0,1.0,0.0,0.0,8000.0,3301.005850796866,292092046198-101.0,False,True,40-49,Generation x
292092046198,11,102.0,12.0,1.0,1.0,1.0,8.0,50.0,50.0,1963.0,2.0,1.0,0.0,0.0,2400.0,3301.005850796866,292092046198-102.0,False,True,50-59,Boomer
292092068784,11,101.0,12.0,1.0,1.0,1.0,1.0,60.0,59.0,1954.0,2.0,1.0,0.0,0.0,12000.0,3164.615406637745,292092068784-101.0,False,True,60 years and over,Boomer
292092068784,11,102.0,12.0,1.0,1.0,1.0,7.0,62.0,62.0,1951.0,2.0,1.0,0.0,0.0,2400.0,3164.615406637745,292092068784-102.0,False,True,60 years and over,Boomer
292136334388,11,101.0,12.0,1.0,1.0,1.0,3.0,52.0,51.0,1962.0,2.0,1.0,0.0,0.0,1800.0,2118.724744534043,292136334388-101.0,False,True,50-59,Boomer
292136334829,11,102.0,12.0,1.0,1.0,1.0,1.0,40.0,39.0,1974.0,2.0,1.0,0.0,0.0,240.0,2202.2913366952207,292136334829-102.0,False,True,40-49,Generation x
292136995195,11,101.0,12.0,1.0,1.0,1.0,9.0,47.0,47.0,1966.0,2.0,1.0,0.0,0.0,250.0,4600.374571390937,292136995195-101.0,False,True,40-49,Generation x
292228344751,11,101.0,12.0,1.0,1.0,1.0,11.0,50.0,50.0,1963.0,2.0,1.0,0.0,0.0,240.0,2193.166346652293,292228344751-101.0,False,True,50-59,Boomer
292285114857,11,101.0,12.0,1.0,1.0,1.0,2.0,47.0,46.0,1967.0,2.0,1.0,0.0,0.0,4000.0,8041.760907235116,292285114857-101.0,False,True,40-49,Generation x
292285209179,11,101.0,12.0,1.0,1.0,1.0,7.0,55.0,55.0,1958.0,1.0,1.0,1.0,6500.0,8000.0,2048.86613570833,292285209179-101.0,True,True,50-59,Boomer
292285209179,11,102.0,12.0,1.0,1.0,1.0,4.0,57.0,57.0,1956.0,2.0,1.0,0.0,0.0,3000.0,2048.86613570833,292285209179-102.0,False,True,50-59,Boomer
292285215366,11,101.0,12.0,1.0,1.0,1.0,6.0,39.0,39.0,1974.0,2.0,1.0,0.0,0.0,385.0,2858.3937148488158,292285215366-101.0,False,True,30-39,Generation x
292285406778,11,101.0,12.0,1.0,1.0,1.0,5.0,57.0,57.0,1956.0,2.0,1.0,0.0,0.0,3000.0,6215.181383714773,292285406778-101.0,False,True,50-59,Boomer
292285418879,11,101.0,12.0,1.0,1.0,1.0,11.0,54.0,54.0,1959.0,2.0,1.0,0.0,0.0,4000.0,8060.335429081698,292285418879-101.0,False,True,50-59,Boomer
292285816233,11,101.0,12.0,1.0,1.0,1.0,8.0,45.0,45.0,1968.0,2.0,1.0,0.0,0.0,1500.0,3868.213137556733,292285816233-101.0,False,True,40-49,Generation x
292285816788,11,101.0,12.0,1.0,1.0,1.0,9.0,50.0,50.0,1963.0,2.0,1.0,0.0,0.0,3600.0,5476.2004277615115,292285816788-101.0,False,True,50-59,Boomer
292285932470,11,102.0,12.0,1.0,1.0,1.0,2.0,51.0,50.0,1963.0,2.0,1.0,0.0,0.0,20000.0,2291.5838287087563,292285932470-102.0,False,True,50-59,Boomer
292285967988,11,101.0,12.0,1.0,1.0,1.0,4.0,51.0,50.0,1963.0,2.0,1.0,0.0,0.0,500.0,9813.657494199035,292285967988-101.0,False,True,50-59,Boomer
292285995588,11,102.0,12.0,1.0,6.0,1.0,11.0,35.0,35.0,1978.0,2.0,1.0,0.0,0.0,500.0,7813.189474913819,292285995588-102.0,False,True,30-39,Generation x
292359684198,11,101.0,12.0,1.0,6.0,1.0,12.0,49.0,49.0,1964.0,2.0,1.0,0.0,0.0,14000.0,3907.6439973474376,292359684198-101.0,False,True,40-49,Boomer
292359684198,11,102.0,12.0,1.0,1.0,1.0,3.0,49.0,49.0,1964.0,2.0,1.0,0.0,0.0,14000.0,3907.6439973474376,292359684198-102.0,False,True,40-49,Boomer
292418552699,11,101.0,12.0,1.0,1.0,1.0,11.0,48.0,48.0,1965.0,2.0,1.0,0.0,0.0,50.0,4686.226029937461,292418552699-101.0,False,True,40-49,Generation x
292552334388,11,101.0,12.0,1.0,1.0,1.0,1.0,68.0,67.0,1946.0,2.0,1.0,0.0,0.0,12000.0,3291.176917857174,292552334388-101.0,False,True,60 years and over,Boomer
292552344829,11,101.0,12.0,1.0,1.0,1.0,4.0,57.0,56.0,1957.0,2.0,1.0,0.0,0.0,500.0,3228.931454772062,292552344829-101.0,False,True,50-59,Boomer
292552995232,11,101.0,12.0,1.0,1.0,1.0,1.0,49.0,48.0,1965.0,1.0,1.0,1.0,3000.0,4000.0,3486.1499300314845,292552995232-101.0,True,True,40-49,Generation x
292555046677,11,101.0,12.0,1.0,1.0,1.0,3.0,64.0,63.0,1950.0,2.0,1.0,0.0,0.0,3600.0,7615.07057193687,292555046677-101.0,False,True,60 years and over,Boomer
292555344114,11,101.0,12.0,1.0,1.0,1.0,4.0,36.0,35.0,1978.0,2.0,1.0,0.0,0.0,194.0,3887.5932168955046,292555344114-101.0,False,True,30-39,Generation x
292688344318,11,102.0,12.0,1.0,1.0,1.0,4.0,44.0,44.0,1969.0,2.0,1.0,0.0,0.0,100.0,3424.1866649912927,292688344318-102.0,False,True,40-49,Generation x
292816418085,11,101.0,12.0,1.0,1.0,1.0,6.0,57.0,57.0,1956.0,2.0,1.0,0.0,0.0,10000.0,3290.043188358785,292816418085-101.0,False,True,50-59,Boomer
292860023857,11,101.0,12.0,1.0,1.0,1.0,12.0,49.0,49.0,1964.0,2.0,1.0,0.0,0.0,3000.0,7211.587003661391,292860023857-101.0,False,True,40-49,Boomer
292860057120,11,101.0,12.0,1.0,1.0,1.0,10.0,57.0,57.0,1956.0,2.0,1.0,0.0,0.0,3000.0,7147.078215432777,292860057120-101.0,False,True,50-59,Boomer
292860068762,11,101.0,12.0,1.0,1.0,1.0,5.0,54.0,54.0,1959.0,2.0,1.0,0.0,0.0,240.0,2242.9258337298747,292860068762-101.0,False,True,50-59,Boomer
292860068762,11,102.0,12.0,1.0,1.0,1.0,12.0,51.0,51.0,1962.0,2.0,1.0,0.0,0.0,1200.0,2242.9258337298747,292860068762-102.0,False,True,50-59,Boomer
292860092518,11,101.0,12.0,1.0,1.0,1.0,7.0,48.0,48.0,1965.0,2.0,1.0,0.0,0.0,1200.0,7472.180844933349,292860092518-101.0,False,True,40-49,Generation x
292860101020,11,101.0,12.0,1.0,1.0,1.0,11.0,69.0,69.0,1944.0,1.0,1.0,1.0,2400.0,2400.0,4872.22673787277,292860101020-101.0,True,True,60 years and over,Silent
292860101210,11,105.0,12.0,1.0,6.0,1.0,10.0,36.0,36.0,1977.0,2.0,1.0,0.0,0.0,3300.0,4274.650400498566,292860101210-105.0,False,True,30-39,Generation x
292860101549,11,101.0,12.0,1.0,1.0,1.0,4.0,70.0,69.0,1944.0,2.0,1.0,0.0,0.0,27000.0,5479.933512277554,292860101549-101.0,False,True,60 years and over,Silent
292860136301,11,101.0,12.0,1.0,1.0,1.0,2.0,60.0,59.0,1954.0,2.0,1.0,0.0,0.0,8400.0,7277.39283083232,292860136301-101.0,False,True,60 years and over,Boomer
292860136857,11,101.0,12.0,1.0,1.0,1.0,3.0,60.0,59.0,1954.0,2.0,1.0,0.0,0.0,12000.0,7193.222278321804,292860136857-101.0,False,True,60 years and over,Boomer
292860138018,11,101.0,12.0,1.0,1.0,1.0,4.0,47.0,46.0,1967.0,1.0,1.0,1.0,1200.0,4800.0,2791.986859833105,292860138018-101.0,True,True,40-49,Generation x
292860138784,11,101.0,12.0,1.0,1.0,1.0,11.0,44.0,44.0,1969.0,2.0,1.0,0.0,0.0,600.0,2525.446106319328,292860138784-101.0,False,True,40-49,Generation x
292860138857,11,101.0,12.0,1.0,1.0,1.0,1.0,46.0,45.0,1968.0,2.0,1.0,0.0,0.0,27000.0,4556.508246675166,292860138857-101.0,False,True,40-49,Generation x
292860209138,11,102.0,12.0,1.0,1.0,1.0,2.0,59.0,58.0,1955.0,2.0,1.0,0.0,0.0,1500.0,7393.453968285064,292860209138-102.0,False,True,50-59,Boomer
292860209160,11,101.0,12.0,1.0,1.0,1.0,4.0,65.0,65.0,1948.0,2.0,1.0,0.0,0.0,22000.0,2523.898893935314,292860209160-101.0,False,True,60 years and over,Boomer
292860215229,11,101.0,12.0,1.0,1.0,1.0,10.0,53.0,53.0,1960.0,2.0,1.0,0.0,0.0,8000.0,7132.647810641659,292860215229-101.0,False,True,50-59,Boomer
292860285142,11,102.0,12.0,1.0,1.0,1.0,8.0,31.0,31.0,1982.0,1.0,1.0,2.0,250.0,121.0,6928.045617084323,292860285142-102.0,True,True,30-39,Millennials
292860285142,11,103.0,12.0,1.0,6.0,1.0,1.0,33.0,32.0,1981.0,1.0,1.0,2.0,250.0,121.0,6928.045617084323,292860285142-103.0,True,True,30-39,Millennials
292860285655,11,102.0,12.0,1.0,1.0,1.0,5.0,79.0,79.0,1934.0,2.0,1.0,0.0,0.0,18000.0,5564.369607160838,292860285655-102.0,False,True,60 years and over,Silent
292860344964,11,101.0,12.0,1.0,1.0,1.0,11.0,63.0,63.0,1950.0,2.0,1.0,0.0,0.0,5000.0,6947.265918632646,292860344964-101.0,False,True,60 years and over,Boomer
292860344964,11,102.0,12.0,1.0,1.0,1.0,1.0,60.0,59.0,1954.0,2.0,1.0,0.0,0.0,5000.0,6947.265918632646,292860344964-102.0,False,True,60 years and over,Boomer
292860418519,11,101.0,12.0,1.0,1.0,1.0,5.0,75.0,75.0,1938.0,2.0,1.0,0.0,0.0,7200.0,2813.416543491201,292860418519-101.0,False,True,60 years and over,Silent
292860418664,11,101.0,12.0,1.0,1.0,1.0,5.0,51.0,51.0,1962.0,2.0,1.0,0.0,0.0,200.0,3347.9454787862915,292860418664-101.0,False,True,50-59,Boomer
292860501116,11,101.0,12.0,1.0,1.0,1.0,6.0,58.0,58.0,1955.0,2.0,1.0,0.0,0.0,27000.0,7414.235772631438,292860501116-101.0,False,True,50-59,Boomer
292860501116,11,102.0,12.0,1.0,1.0,1.0,7.0,49.0,49.0,1964.0,2.0,1.0,0.0,0.0,10000.0,7414.235772631438,292860501116-102.0,False,True,40-49,Boomer
292860501932,11,101.0,12.0,1.0,1.0,1.0,11.0,44.0,44.0,1969.0,2.0,1.0,0.0,0.0,1000.0,6589.575553132612,292860501932-101.0,False,True,40-49,Generation x
292860501972,11,101.0,12.0,1.0,1.0,1.0,5.0,70.0,70.0,1943.0,2.0,1.0,0.0,0.0,2000.0,6817.915998295989,292860501972-101.0,False,True,60 years and over,Silent
292860604426,11,102.0,12.0,1.0,1.0,1.0,7.0,42.0,42.0,1971.0,2.0,1.0,0.0,0.0,2500.0,4602.170123826994,292860604426-102.0,False,True,40-49,Generation x
292860606069,11,102.0,12.0,1.0,1.0,1.0,1.0,79.0,78.0,1935.0,2.0,1.0,0.0,0.0,20000.0,6412.6733651301,292860606069-102.0,False,True,60 years and over,Silent
292860828518,11,101.0,12.0,1.0,6.0,1.0,2.0,44.0,43.0,1970.0,2.0,1.0,0.0,0.0,13200.0,5582.492941606263,292860828518-101.0,False,True,40-49,Generation x
292860860482,11,101.0,12.0,1.0,1.0,1.0,6.0,74.0,74.0,1939.0,2.0,1.0,0.0,0.0,18000.0,5696.305878153707,292860860482-101.0,False,True,60 years and over,Silent
292860860482,11,102.0,12.0,1.0,1.0,1.0,8.0,65.0,65.0,1948.0,2.0,1.0,0.0,0.0,2400.0,5696.305878153707,292860860482-102.0,False,True,60 years and over,Boomer
292860932584,11,101.0,12.0,1.0,1.0,1.0,1.0,47.0,46.0,1967.0,2.0,1.0,0.0,0.0,1000.0,7267.059867365075,292860932584-101.0,False,True,40-49,Generation x
292860932879,11,101.0,12.0,1.0,6.0,1.0,5.0,65.0,65.0,1948.0,2.0,1.0,0.0,0.0,5000.0,6506.254511928568,292860932879-101.0,False,True,60 years and over,Boomer
292860988497,11,101.0,12.0,1.0,1.0,1.0,7.0,67.0,67.0,1946.0,2.0,1.0,0.0,0.0,6000.0,6653.868510974824,292860988497-101.0,False,True,60 years and over,Boomer
292860988497,11,102.0,12.0,1.0,1.0,1.0,8.0,67.0,67.0,1946.0,2.0,1.0,0.0,0.0,6000.0,6653.868510974824,292860988497-102.0,False,True,60 years and over,Boomer
332092101995,11,101.0,12.0,1.0,1.0,1.0,11.0,46.0,46.0,1967.0,2.0,1.0,0.0,0.0,2000.0,4046.883912117607,332092101995-101.0,False,True,40-49,Generation x
332092501995,11,107.0,12.0,1.0,6.0,1.0,4.0,56.0,56.0,1957.0,2.0,1.0,0.0,0.0,6000.0,4595.0355642968625,332092501995-107.0,False,True,50-59,Boomer
332114092855,11,101.0,12.0,1.0,1.0,1.0,10.0,46.0,46.0,1967.0,2.0,1.0,0.0,0.0,2400.0,3223.8337881491857,332114092855-101.0,False,True,40-49,Generation x
332114552916,11,102.0,12.0,1.0,1.0,1.0,12.0,47.0,47.0,1966.0,2.0,1.0,0.0,0.0,8000.0,5323.4451148572725,332114552916-102.0,False,True,40-49,Generation x
332285382695,11,101.0,12.0,1.0,1.0,1.0,1.0,46.0,45.0,1968.0,2.0,1.0,0.0,0.0,7500.0,5259.800717254063,332285382695-101.0,False,True,40-49,Generation x
332359101916,11,101.0,12.0,1.0,1.0,1.0,2.0,67.0,66.0,1947.0,2.0,1.0,0.0,0.0,1000.0,4649.755679447635,332359101916-101.0,False,True,60 years and over,Boomer
332359101916,11,102.0,12.0,1.0,1.0,1.0,11.0,64.0,64.0,1949.0,2.0,1.0,0.0,0.0,1000.0,4649.755679447635,332359101916-102.0,False,True,60 years and over,Boomer
332359172916,11,101.0,12.0,1.0,1.0,1.0,4.0,63.0,63.0,1950.0,2.0,1.0,0.0,0.0,3000.0,3149.863207752769,332359172916-101.0,False,True,60 years and over,Boomer
332406043173,11,101.0,12.0,1.0,1.0,1.0,2.0,48.0,47.0,1966.0,2.0,1.0,0.0,0.0,420.0,2523.156628671817,332406043173-101.0,False,True,40-49,Generation x
332406043545,11,101.0,12.0,1.0,1.0,1.0,12.0,64.0,64.0,1949.0,2.0,1.0,0.0,0.0,20000.0,2052.8919483672844,332406043545-101.0,False,True,60 years and over,Boomer
332406043545,11,102.0,12.0,1.0,1.0,1.0,7.0,68.0,68.0,1945.0,2.0,1.0,0.0,0.0,7500.0,2052.8919483672844,332406043545-102.0,False,True,60 years and over,Silent
332418037086,11,101.0,12.0,1.0,1.0,1.0,2.0,48.0,47.0,1966.0,2.0,1.0,0.0,0.0,6720.0,2431.7341682702563,332418037086-101.0,False,True,40-49,Generation x
332418049283,11,102.0,12.0,1.0,1.0,1.0,9.0,40.0,40.0,1973.0,2.0,1.0,0.0,0.0,5200.0,3316.04516287966,332418049283-102.0,False,True,40-49,Generation x
332418057097,11,102.0,12.0,1.0,1.0,1.0,7.0,52.0,52.0,1961.0,2.0,1.0,0.0,0.0,18000.0,4931.394118893739,332418057097-102.0,False,True,50-59,Boomer
332418092029,11,101.0,12.0,1.0,1.0,1.0,10.0,40.0,40.0,1973.0,2.0,1.0,0.0,0.0,6000.0,3155.4060421587287,332418092029-101.0,False,True,40-49,Generation x
332418126060,11,101.0,12.0,1.0,1.0,1.0,5.0,72.0,72.0,1941.0,2.0,1.0,0.0,0.0,3970.0,3274.950229531336,332418126060-101.0,False,True,60 years and over,Silent
332418185319,11,102.0,12.0,1.0,1.0,1.0,4.0,63.0,63.0,1950.0,2.0,1.0,0.0,0.0,420.0,2057.15382913709,332418185319-102.0,False,True,60 years and over,Boomer
332418274346,11,101.0,12.0,1.0,1.0,1.0,8.0,62.0,62.0,1951.0,2.0,1.0,0.0,0.0,10000.0,3305.9307969619026,332418274346-101.0,False,True,60 years and over,Boomer
332418334070,11,102.0,12.0,1.0,1.0,1.0,3.0,47.0,46.0,1967.0,2.0,1.0,0.0,0.0,200.0,7545.094731229692,332418334070-102.0,False,True,40-49,Generation x
332418382755,11,101.0,12.0,1.0,1.0,1.0,11.0,51.0,51.0,1962.0,2.0,1.0,0.0,0.0,5400.0,3286.076618919277,332418382755-101.0,False,True,50-59,Boomer
332418494660,11,101.0,12.0,1.0,1.0,1.0,6.0,48.0,48.0,1965.0,2.0,1.0,0.0,0.0,5200.0,4222.071006202255,332418494660-101.0,False,True,40-49,Generation x
332418689389,11,101.0,12.0,1.0,1.0,1.0,1.0,57.0,56.0,1957.0,2.0,1.0,0.0,0.0,7500.0,3476.488966453449,332418689389-101.0,False,True,50-59,Boomer
332418689389,11,102.0,12.0,1.0,1.0,1.0,1.0,56.0,55.0,1958.0,2.0,1.0,0.0,0.0,7500.0,3476.488966453449,332418689389-102.0,False,True,50-59,Boomer
332418689494,11,101.0,12.0,1.0,1.0,1.0,7.0,61.0,61.0,1952.0,2.0,1.0,0.0,0.0,3000.0,2795.860231076068,332418689494-101.0,False,True,60 years and over,Boomer
332418816319,11,101.0,12.0,1.0,1.0,1.0,8.0,61.0,61.0,1952.0,2.0,1.0,0.0,0.0,15600.0,3366.0932771938014,332418816319-101.0,False,True,60 years and over,Boomer
332418816319,11,102.0,12.0,1.0,1.0,1.0,8.0,55.0,55.0,1958.0,2.0,1.0,0.0,0.0,27000.0,3366.0932771938014,332418816319-102.0,False,True,50-59,Boomer
332418824696,11,105.0,12.0,1.0,6.0,1.0,12.0,38.0,38.0,1975.0,2.0,1.0,0.0,0.0,100.0,2894.010431700032,332418824696-105.0,False,True,30-39,Generation x
332418849879,11,102.0,12.0,1.0,1.0,1.0,11.0,73.0,73.0,1940.0,2.0,1.0,0.0,0.0,9270.0,2983.6837740842584,332418849879-102.0,False,True,60 years and over,Silent
332418849879,11,103.0,12.0,1.0,1.0,1.0,5.0,45.0,45.0,1968.0,2.0,1.0,0.0,0.0,9270.0,3294.786405342609,332418849879-103.0,False,True,40-49,Generation x
332816609950,11,101.0,12.0,1.0,1.0,1.0,5.0,53.0,53.0,1960.0,2.0,1.0,0.0,0.0,24000.0,2375.812320885975,332816609950-101.0,False,True,50-59,Boomer
332860073588,11,101.0,12.0,1.0,1.0,1.0,1.0,66.0,65.0,1948.0,2.0,1.0,0.0,0.0,21800.0,4353.551392198371,332860073588-101.0,False,True,60 years and over,Boomer
332860114979,11,101.0,12.0,1.0,1.0,1.0,9.0,26.0,26.0,1987.0,2.0,1.0,0.0,0.0,121.0,2721.918510351873,332860114979-101.0,False,True,under 30,Millennials
332860215566,11,101.0,12.0,1.0,1.0,1.0,2.0,55.0,54.0,1959.0,2.0,1.0,0.0,0.0,27000.0,5042.110870230266,332860215566-101.0,False,True,50-59,Boomer
332860215797,11,101.0,12.0,1.0,1.0,1.0,12.0,52.0,52.0,1961.0,2.0,1.0,0.0,0.0,25000.0,4804.3369585363425,332860215797-101.0,False,True,50-59,Boomer
332860285903,11,102.0,12.0,1.0,1.0,1.0,7.0,87.0,87.0,1927.0,2.0,1.0,0.0,0.0,10000.0,1971.0535716443048,332860285903-102.0,False,True,60 years and over,Silent
332860320089,11,101.0,12.0,1.0,1.0,1.0,7.0,50.0,50.0,1963.0,2.0,1.0,0.0,0.0,6000.0,5123.03405655491,332860320089-101.0,False,True,50-59,Boomer
332860320593,11,102.0,12.0,1.0,1.0,1.0,11.0,67.0,67.0,1946.0,2.0,1.0,0.0,0.0,6000.0,3810.1375962948964,332860320593-102.0,False,True,60 years and over,Boomer
332860400651,11,101.0,12.0,1.0,1.0,1.0,9.0,51.0,51.0,1962.0,1.0,1.0,1.0,2000.0,2000.0,4395.197531798337,332860400651-101.0,True,True,50-59,Boomer
332860403757,11,102.0,12.0,1.0,1.0,1.0,4.0,65.0,65.0,1948.0,2.0,1.0,0.0,0.0,1650.0,4161.572166447414,332860403757-102.0,False,True,60 years and over,Boomer
332860418746,11,101.0,12.0,1.0,1.0,1.0,11.0,54.0,54.0,1959.0,2.0,1.0,0.0,0.0,5000.0,5838.520592089131,332860418746-101.0,False,True,50-59,Boomer
332860552089,11,101.0,12.0,1.0,1.0,1.0,1.0,28.0,27.0,1986.0,2.0,1.0,0.0,0.0,100.0,4680.283898769093,332860552089-101.0,False,True,under 30,Millennials
332860552516,11,101.0,12.0,1.0,1.0,1.0,1.0,59.0,58.0,1955.0,2.0,1.0,0.0,0.0,1000.0,1864.472500336804,332860552516-101.0,False,True,50-59,Boomer
332860609588,11,101.0,12.0,1.0,1.0,1.0,10.0,55.0,55.0,1958.0,2.0,1.0,0.0,0.0,2080.0,2727.9758198370882,332860609588-101.0,False,True,50-59,Boomer
332860726537,11,101.0,12.0,1.0,1.0,1.0,4.0,81.0,81.0,1932.0,2.0,1.0,0.0,0.0,3000.0,4190.026107843078,332860726537-101.0,False,True,60 years and over,Silent
332860810599,11,101.0,12.0,1.0,6.0,1.0,5.0,75.0,74.0,1939.0,2.0,1.0,0.0,0.0,100.0,2405.5142895383105,332860810599-101.0,False,True,60 years and over,Silent
332860810879,11,101.0,12.0,1.0,1.0,1.0,8.0,57.0,57.0,1956.0,2.0,1.0,0.0,0.0,5000.0,3962.8259196954414,332860810879-101.0,False,True,50-59,Boomer
332860860852,11,101.0,12.0,1.0,1.0,1.0,9.0,48.0,48.0,1965.0,2.0,1.0,0.0,0.0,2500.0,2819.0321534355153,332860860852-101.0,False,True,40-49,Generation x
332860932494,11,101.0,12.0,1.0,1.0,1.0,1.0,52.0,51.0,1962.0,2.0,1.0,0.0,0.0,1200.0,2447.3752712305372,332860932494-101.0,False,True,50-59,Boomer
332860932730,11,101.0,12.0,1.0,1.0,1.0,8.0,55.0,55.0,1958.0,2.0,1.0,0.0,0.0,20000.0,5815.353250490991,332860932730-101.0,False,True,50-59,Boomer
332860995155,11,102.0,12.0,1.0,1.0,1.0,2.0,62.0,61.0,1952.0,2.0,1.0,0.0,0.0,15000.0,4154.851193835239,332860995155-102.0,False,True,60 years and over,Boomer
332995810046,11,101.0,12.0,1.0,1.0,1.0,6.0,86.0,86.0,1927.0,2.0,1.0,0.0,0.0,12000.0,4415.545775835569,332995810046-101.0,False,True,60 years and over,Silent
398285421757,11,102.0,12.0,1.0,1.0,1.0,6.0,53.0,53.0,1960.0,1.0,1.0,1.0,1200.0,1200.0,5037.610591909261,398285421757-102.0,True,True,50-59,Boomer
398285438531,11,101.0,12.0,1.0,1.0,1.0,11.0,49.0,49.0,1964.0,2.0,1.0,0.0,0.0,10000.0,4093.6404785763507,398285438531-101.0,False,True,40-49,Boomer
398406209916,11,101.0,12.0,1.0,1.0,1.0,10.0,65.0,65.0,1948.0,2.0,1.0,0.0,0.0,1200.0,2648.2245585490496,398406209916-101.0,False,True,60 years and over,Boomer
398406932916,11,101.0,12.0,1.0,1.0,1.0,3.0,55.0,54.0,1959.0,2.0,1.0,0.0,0.0,15000.0,5077.953632479222,398406932916-101.0,False,True,50-59,Boomer
398418334080,11,101.0,12.0,1.0,1.0,1.0,9.0,64.0,64.0,1949.0,2.0,1.0,0.0,0.0,6000.0,5654.561781154529,398418334080-101.0,False,True,60 years and over,Boomer
398418382567,11,101.0,12.0,1.0,1.0,1.0,3.0,57.0,57.0,1956.0,2.0,1.0,0.0,0.0,12600.0,3601.9218696645994,398418382567-101.0,False,True,50-59,Boomer
398418597480,11,102.0,12.0,1.0,1.0,1.0,9.0,51.0,51.0,1962.0,2.0,1.0,0.0,0.0,3600.0,6529.2857640639895,398418597480-102.0,False,True,50-59,Boomer
398418597855,11,101.0,12.0,1.0,1.0,1.0,4.0,46.0,45.0,1968.0,2.0,1.0,0.0,0.0,12600.0,4659.632626286124,398418597855-101.0,False,True,40-49,Generation x
398816057691,11,101.0,12.0,1.0,1.0,1.0,8.0,75.0,75.0,1938.0,2.0,1.0,0.0,0.0,27000.0,7208.152356152393,398816057691-101.0,False,True,60 years and over,Silent
398816609811,11,101.0,12.0,1.0,6.0,1.0,1.0,67.0,66.0,1947.0,2.0,1.0,0.0,0.0,27000.0,4573.350857821834,398816609811-101.0,False,True,60 years and over,Boomer
398860037105,11,101.0,12.0,1.0,1.0,1.0,7.0,64.0,64.0,1949.0,2.0,1.0,0.0,0.0,3000.0,6780.229629999964,398860037105-101.0,False,True,60 years and over,Boomer
398860049426,11,101.0,12.0,1.0,1.0,1.0,4.0,69.0,69.0,1944.0,2.0,1.0,0.0,0.0,25000.0,6612.399322804496,398860049426-101.0,False,True,60 years and over,Silent
398860276010,11,101.0,12.0,1.0,1.0,1.0,2.0,64.0,63.0,1950.0,2.0,1.0,0.0,0.0,1000.0,5038.099159110558,398860276010-101.0,False,True,60 years and over,Boomer
398860323811,11,101.0,12.0,1.0,1.0,1.0,11.0,68.0,68.0,1945.0,2.0,1.0,0.0,0.0,10000.0,5713.3293665672445,398860323811-101.0,False,True,60 years and over,Silent
398860334284,11,101.0,12.0,1.0,1.0,1.0,10.0,50.0,50.0,1963.0,2.0,1.0,0.0,0.0,1200.0,5088.10139524666,398860334284-101.0,False,True,50-59,Boomer
398860334486,11,103.0,12.0,1.0,1.0,1.0,12.0,47.0,47.0,1966.0,2.0,1.0,0.0,0.0,6000.0,7383.318313886595,398860334486-103.0,False,True,40-49,Generation x
398860408049,11,101.0,12.0,1.0,1.0,1.0,8.0,62.0,62.0,1951.0,2.0,1.0,0.0,0.0,5000.0,3792.0465745101856,398860408049-101.0,False,True,60 years and over,Boomer
398860408049,11,102.0,12.0,1.0,1.0,1.0,7.0,63.0,63.0,1950.0,2.0,1.0,0.0,0.0,8000.0,3792.0465745101856,398860408049-102.0,False,True,60 years and over,Boomer
398860408105,11,101.0,12.0,1.0,1.0,1.0,7.0,74.0,74.0,1939.0,2.0,1.0,0.0,0.0,27000.0,4705.1818349224495,398860408105-101.0,False,True,60 years and over,Silent
398860415820,11,101.0,12.0,1.0,1.0,1.0,9.0,55.0,55.0,1958.0,2.0,1.0,0.0,0.0,1800.0,6216.3951453738255,398860415820-101.0,False,True,50-59,Boomer
398860438646,11,101.0,12.0,1.0,1.0,1.0,11.0,70.0,70.0,1943.0,2.0,1.0,0.0,0.0,25000.0,4200.869812315652,398860438646-101.0,False,True,60 years and over,Silent
398860552426,11,101.0,12.0,1.0,1.0,1.0,10.0,56.0,56.0,1957.0,2.0,1.0,0.0,0.0,4000.0,4428.4441575236015,398860552426-101.0,False,True,50-59,Boomer
398860814538,11,101.0,12.0,1.0,1.0,1.0,6.0,80.0,80.0,1933.0,2.0,1.0,0.0,0.0,5000.0,2901.2065092776515,398860814538-101.0,False,True,60 years and over,Silent
398860816781,11,101.0,12.0,1.0,1.0,1.0,5.0,62.0,62.0,1951.0,2.0,1.0,0.0,0.0,1000.0,5731.4977478925475,398860816781-101.0,False,True,60 years and over,Boomer
398860848338,11,101.0,12.0,1.0,1.0,1.0,8.0,56.0,56.0,1957.0,2.0,1.0,0.0,0.0,6000.0,6492.967176242919,398860848338-101.0,False,True,50-59,Boomer
398860929140,11,102.0,12.0,1.0,1.0,1.0,9.0,40.0,40.0,1973.0,2.0,1.0,0.0,0.0,10400.0,6415.44041780876,398860929140-102.0,False,True,40-49,Generation x
398860967643,11,102.0,12.0,1.0,1.0,1.0,11.0,73.0,73.0,1940.0,2.0,1.0,0.0,0.0,2000.0,3571.754891466868,398860967643-102.0,False,True,60 years and over,Silent
398860995110,11,101.0,12.0,1.0,6.0,1.0,9.0,50.0,50.0,1963.0,2.0,1.0,0.0,0.0,25000.0,6603.016847404673,398860995110-101.0,False,True,50-59,Boomer
398860995110,11,102.0,12.0,1.0,6.0,1.0,6.0,46.0,46.0,1967.0,2.0,1.0,0.0,0.0,25000.0,6603.016847404673,398860995110-102.0,False,True,40-49,Generation x
462092342401,11,101.0,12.0,1.0,1.0,1.0,5.0,54.0,54.0,1959.0,2.0,1.0,0.0,0.0,9600.0,3692.338639110761,462092342401-101.0,False,True,50-59,Boomer
462136606862,11,101.0,12.0,1.0,1.0,1.0,2.0,62.0,61.0,1952.0,2.0,1.0,0.0,0.0,500.0,2803.141677962128,462136606862-101.0,False,True,60 years and over,Boomer
462285988979,11,101.0,12.0,1.0,1.0,1.0,5.0,59.0,59.0,1954.0,2.0,1.0,0.0,0.0,8000.0,3751.111933393386,462285988979-101.0,False,True,50-59,Boomer
462359057537,11,102.0,12.0,1.0,1.0,1.0,2.0,46.0,45.0,1968.0,2.0,1.0,0.0,0.0,12000.0,2796.695440236495,462359057537-102.0,False,True,40-49,Generation x
462359606401,11,102.0,12.0,1.0,1.0,1.0,7.0,53.0,53.0,1960.0,2.0,1.0,0.0,0.0,100.0,3170.2425444589726,462359606401-102.0,False,True,50-59,Boomer
462359609855,11,101.0,12.0,1.0,1.0,1.0,5.0,53.0,53.0,1960.0,2.0,1.0,0.0,0.0,3000.0,3097.9674408594374,462359609855-101.0,False,True,50-59,Boomer
462552609855,11,101.0,12.0,1.0,1.0,1.0,9.0,57.0,57.0,1956.0,2.0,1.0,0.0,0.0,15000.0,4380.8228375976005,462552609855-101.0,False,True,50-59,Boomer
462816101401,11,101.0,12.0,1.0,1.0,1.0,4.0,56.0,56.0,1957.0,2.0,1.0,0.0,0.0,1000.0,5341.760076665233,462816101401-101.0,False,True,50-59,Boomer
462860588375,11,101.0,12.0,1.0,6.0,1.0,9.0,49.0,49.0,1964.0,2.0,1.0,0.0,0.0,3400.0,3033.1151687769,462860588375-101.0,False,True,40-49,Boomer
469136021068,11,102.0,12.0,1.0,1.0,1.0,12.0,44.0,44.0,1969.0,2.0,1.0,0.0,0.0,200.0,4826.260545930001,469136021068-102.0,False,True,40-49,Generation x
469276285613,11,102.0,12.0,1.0,1.0,1.0,10.0,41.0,41.0,1972.0,2.0,1.0,0.0,0.0,500.0,3667.455541729601,469276285613-102.0,False,True,40-49,Generation x
469285342979,11,101.0,12.0,1.0,1.0,1.0,10.0,69.0,69.0,1944.0,2.0,1.0,0.0,0.0,10000.0,6070.916441131432,469285342979-101.0,False,True,60 years and over,Silent
469285421068,11,101.0,12.0,1.0,1.0,1.0,12.0,55.0,55.0,1958.0,2.0,1.0,0.0,0.0,15000.0,7712.226800288145,469285421068-101.0,False,True,50-59,Boomer
469285588089,11,102.0,12.0,1.0,1.0,1.0,10.0,43.0,43.0,1970.0,2.0,1.0,0.0,0.0,2400.0,4632.890734156998,469285588089-102.0,False,True,40-49,Generation x
469285597602,11,103.0,12.0,1.0,1.0,1.0,7.0,17.0,17.0,1996.0,2.0,1.0,0.0,0.0,3000.0,1822.0558564901612,469285597602-103.0,False,True,under 30,Millennials
469285662916,11,101.0,12.0,1.0,1.0,1.0,11.0,64.0,64.0,1949.0,2.0,1.0,0.0,0.0,200.0,7949.997012537858,469285662916-101.0,False,True,60 years and over,Boomer
469285688449,11,101.0,12.0,1.0,1.0,1.0,8.0,54.0,54.0,1959.0,2.0,1.0,0.0,0.0,27000.0,4681.957091708563,469285688449-101.0,False,True,50-59,Boomer
469285726099,11,101.0,12.0,1.0,1.0,1.0,1.0,44.0,43.0,1970.0,2.0,1.0,0.0,0.0,10000.0,5690.401128863705,469285726099-101.0,False,True,40-49,Generation x
469285849267,11,102.0,12.0,1.0,1.0,1.0,9.0,72.0,72.0,1941.0,2.0,1.0,0.0,0.0,12000.0,1367.8966245405334,469285849267-102.0,False,True,60 years and over,Silent
469285995770,11,101.0,12.0,1.0,1.0,1.0,11.0,55.0,55.0,1958.0,2.0,1.0,0.0,0.0,3240.0,2445.567589833686,469285995770-101.0,False,True,50-59,Boomer
469418138944,11,101.0,12.0,1.0,1.0,1.0,8.0,48.0,48.0,1965.0,2.0,1.0,0.0,0.0,2100.0,4736.487543030173,469418138944-101.0,False,True,40-49,Generation x
469418204197,11,102.0,12.0,1.0,1.0,1.0,8.0,46.0,46.0,1967.0,2.0,1.0,0.0,0.0,2400.0,3324.2493906684135,469418204197-102.0,False,True,40-49,Generation x
469418228705,11,102.0,12.0,1.0,1.0,1.0,8.0,51.0,51.0,1962.0,2.0,1.0,0.0,0.0,16000.0,2279.487698157697,469418228705-102.0,False,True,50-59,Boomer
469418334509,11,102.0,12.0,1.0,1.0,1.0,9.0,50.0,50.0,1963.0,2.0,1.0,0.0,0.0,3000.0,1553.6805731157294,469418334509-102.0,False,True,50-59,Boomer
469418408027,11,102.0,12.0,1.0,1.0,1.0,11.0,38.0,38.0,1975.0,2.0,1.0,0.0,0.0,10000.0,2065.102817719935,469418408027-102.0,False,True,30-39,Generation x
469552126714,11,102.0,12.0,1.0,1.0,1.0,10.0,41.0,41.0,1972.0,2.0,1.0,0.0,0.0,500.0,4782.6200857688955,469552126714-102.0,False,True,40-49,Generation x
469552136365,11,101.0,12.0,1.0,1.0,1.0,3.0,42.0,41.0,1972.0,1.0,1.0,1.0,1400.0,2000.0,6341.032075623025,469552136365-101.0,True,True,40-49,Generation x
469552228058,11,101.0,12.0,1.0,1.0,1.0,6.0,52.0,52.0,1961.0,2.0,1.0,0.0,0.0,1200.0,5880.24102397807,469552228058-101.0,False,True,50-59,Boomer
469552285988,11,101.0,12.0,1.0,1.0,1.0,8.0,52.0,52.0,1961.0,2.0,1.0,0.0,0.0,300.0,10836.864857871788,469552285988-101.0,False,True,50-59,Boomer
469552382434,11,102.0,12.0,1.0,1.0,1.0,9.0,65.0,65.0,1948.0,2.0,1.0,0.0,0.0,100.0,4617.081972903633,469552382434-102.0,False,True,60 years and over,Boomer
469552403740,11,102.0,12.0,1.0,1.0,1.0,4.0,60.0,60.0,1953.0,2.0,1.0,0.0,0.0,1000.0,7611.935338836051,469552403740-102.0,False,True,60 years and over,Boomer
469552860097,11,101.0,12.0,1.0,1.0,1.0,7.0,48.0,48.0,1965.0,2.0,1.0,0.0,0.0,1000.0,8418.071495237522,469552860097-101.0,False,True,40-49,Generation x
469552945730,11,101.0,12.0,1.0,1.0,1.0,11.0,44.0,44.0,1969.0,2.0,1.0,0.0,0.0,1000.0,1683.6960461389606,469552945730-101.0,False,True,40-49,Generation x
469816043730,11,101.0,12.0,1.0,1.0,1.0,5.0,50.0,50.0,1963.0,2.0,1.0,0.0,0.0,12000.0,1751.5824710065694,469816043730-101.0,False,True,50-59,Boomer
469816092988,11,101.0,12.0,1.0,1.0,1.0,5.0,37.0,37.0,1976.0,2.0,1.0,0.0,0.0,21000.0,8413.68639309367,469816092988-101.0,False,True,30-39,Generation x
469816648593,11,102.0,12.0,1.0,1.0,1.0,9.0,37.0,37.0,1976.0,2.0,1.0,0.0,0.0,2400.0,4969.3790754091915,469816648593-102.0,False,True,30-39,Generation x
469860034197,11,101.0,12.0,1.0,1.0,1.0,1.0,72.0,71.0,1942.0,2.0,1.0,0.0,0.0,8000.0,4056.172204178783,469860034197-101.0,False,True,60 years and over,Silent
469860057099,11,101.0,12.0,1.0,1.0,1.0,12.0,67.0,67.0,1946.0,2.0,1.0,0.0,0.0,2000.0,8007.5330581461885,469860057099-101.0,False,True,60 years and over,Boomer
469860057276,11,101.0,12.0,1.0,1.0,1.0,7.0,72.0,72.0,1941.0,2.0,1.0,0.0,0.0,12600.0,8012.958374288477,469860057276-101.0,False,True,60 years and over,Silent
469860098995,11,101.0,12.0,1.0,1.0,1.0,11.0,61.0,61.0,1952.0,2.0,1.0,0.0,0.0,3000.0,7700.329780344917,469860098995-101.0,False,True,60 years and over,Boomer
469860101324,11,102.0,12.0,1.0,1.0,1.0,5.0,46.0,45.0,1968.0,2.0,1.0,0.0,0.0,600.0,9654.27028380731,469860101324-102.0,False,True,40-49,Generation x
469860126070,11,102.0,12.0,1.0,1.0,1.0,5.0,60.0,60.0,1953.0,2.0,1.0,0.0,0.0,12100.0,1727.7808217177303,469860126070-102.0,False,True,60 years and over,Boomer
469860199631,11,101.0,12.0,1.0,1.0,1.0,12.0,55.0,55.0,1958.0,2.0,1.0,0.0,0.0,400.0,4700.913505244146,469860199631-101.0,False,True,50-59,Boomer
469860209676,11,101.0,12.0,1.0,1.0,1.0,5.0,47.0,46.0,1967.0,2.0,1.0,0.0,0.0,10800.0,3247.124025879034,469860209676-101.0,False,True,40-49,Generation x
469860359324,11,101.0,12.0,1.0,1.0,1.0,5.0,63.0,63.0,1950.0,2.0,1.0,0.0,0.0,4800.0,5340.743846056121,469860359324-101.0,False,True,60 years and over,Boomer
469860415316,11,101.0,12.0,1.0,1.0,1.0,1.0,60.0,59.0,1954.0,2.0,1.0,0.0,0.0,2400.0,2103.2905863300457,469860415316-101.0,False,True,60 years and over,Boomer
469860415316,11,102.0,12.0,1.0,1.0,1.0,7.0,60.0,60.0,1953.0,2.0,1.0,0.0,0.0,2400.0,2103.2905863300457,469860415316-102.0,False,True,60 years and over,Boomer
469860438401,11,101.0,12.0,1.0,1.0,1.0,11.0,67.0,67.0,1946.0,2.0,1.0,0.0,0.0,5000.0,6623.977084042407,469860438401-101.0,False,True,60 years and over,Boomer
469860533060,11,101.0,12.0,1.0,1.0,1.0,5.0,71.0,71.0,1942.0,2.0,1.0,0.0,0.0,4000.0,2811.0840711286523,469860533060-101.0,False,True,60 years and over,Silent
469860533243,11,101.0,12.0,1.0,6.0,1.0,5.0,48.0,48.0,1965.0,1.0,1.0,1.0,3000.0,5000.0,4745.640481248196,469860533243-101.0,True,True,40-49,Generation x
469860533294,11,101.0,12.0,1.0,1.0,1.0,6.0,54.0,54.0,1959.0,2.0,1.0,0.0,0.0,4000.0,3159.8328649443815,469860533294-101.0,False,True,50-59,Boomer
469860533294,11,102.0,12.0,1.0,1.0,1.0,4.0,52.0,52.0,1961.0,2.0,1.0,0.0,0.0,3200.0,3159.8328649443815,469860533294-102.0,False,True,50-59,Boomer
469860552862,11,102.0,12.0,1.0,6.0,1.0,4.0,45.0,45.0,1968.0,2.0,1.0,0.0,0.0,7200.0,6684.467683474968,469860552862-102.0,False,True,40-49,Generation x
469860588537,11,101.0,12.0,1.0,1.0,1.0,1.0,55.0,54.0,1959.0,2.0,1.0,0.0,0.0,500.0,7341.335355987498,469860588537-101.0,False,True,50-59,Boomer
469860610035,11,101.0,12.0,1.0,1.0,1.0,12.0,30.0,30.0,1983.0,2.0,1.0,0.0,0.0,160.0,4138.361550166917,469860610035-101.0,False,True,30-39,Millennials
469860755553,11,101.0,12.0,1.0,1.0,1.0,6.0,51.0,51.0,1962.0,2.0,1.0,0.0,0.0,300.0,5141.2268969008865,469860755553-101.0,False,True,50-59,Boomer
469860810240,11,101.0,12.0,1.0,1.0,1.0,2.0,48.0,47.0,1966.0,1.0,1.0,1.0,500.0,1000.0,2093.338588051321,469860810240-101.0,True,True,40-49,Generation x
469860847086,11,101.0,12.0,1.0,1.0,1.0,8.0,43.0,43.0,1970.0,2.0,1.0,0.0,0.0,8000.0,3130.8595909010687,469860847086-101.0,False,True,40-49,Generation x
469860995174,11,101.0,12.0,1.0,1.0,1.0,3.0,32.0,31.0,1982.0,2.0,1.0,0.0,0.0,160.0,2794.573261169855,469860995174-101.0,False,True,30-39,Millennials
469995114140,11,101.0,12.0,1.0,1.0,1.0,7.0,62.0,62.0,1951.0,2.0,1.0,0.0,0.0,500.0,6631.432378471979,469995114140-101.0,False,True,60 years and over,Boomer
469995285954,11,101.0,12.0,1.0,1.0,1.0,11.0,47.0,47.0,1966.0,1.0,1.0,1.0,10000.0,5000.0,9600.081502757192,469995285954-101.0,True,True,40-49,Generation x
613285334061,11,101.0,12.0,1.0,1.0,1.0,12.0,87.0,87.0,1927.0,2.0,1.0,0.0,0.0,7000.0,3887.2307242950765,613285334061-101.0,False,True,60 years and over,Silent
613285406061,11,101.0,12.0,1.0,1.0,1.0,8.0,51.0,51.0,1962.0,2.0,1.0,0.0,0.0,27000.0,3123.593721428277,613285406061-101.0,False,True,50-59,Boomer
613285406784,11,101.0,12.0,1.0,1.0,1.0,4.0,86.0,86.0,1927.0,2.0,1.0,0.0,0.0,600.0,2803.7017018351544,613285406784-101.0,False,True,60 years and over,Silent
667114215689,11,101.0,12.0,1.0,1.0,1.0,5.0,46.0,45.0,1968.0,2.0,1.0,0.0,0.0,20000.0,4906.326401360102,667114215689-101.0,False,True,40-49,Generation x
667114689755,11,101.0,12.0,1.0,1.0,1.0,12.0,64.0,64.0,1949.0,2.0,1.0,0.0,0.0,15600.0,3662.335579653209,667114689755-101.0,False,True,60 years and over,Boomer
667136726046,11,101.0,12.0,1.0,1.0,1.0,3.0,56.0,55.0,1958.0,2.0,1.0,0.0,0.0,12000.0,2533.611441736335,667136726046-101.0,False,True,50-59,Boomer
667138552631,11,102.0,12.0,1.0,1.0,1.0,12.0,45.0,45.0,1968.0,2.0,1.0,0.0,0.0,1200.0,7185.04225705734,667138552631-102.0,False,True,40-49,Generation x
667185037086,11,102.0,12.0,1.0,1.0,1.0,8.0,44.0,44.0,1969.0,2.0,1.0,0.0,0.0,1000.0,4424.71417593392,667185037086-102.0,False,True,40-49,Generation x
667185037149,11,102.0,12.0,1.0,1.0,1.0,9.0,39.0,39.0,1974.0,2.0,1.0,0.0,0.0,8000.0,4457.3513987232745,667185037149-102.0,False,True,30-39,Generation x
667185982689,11,101.0,12.0,1.0,1.0,1.0,6.0,57.0,57.0,1956.0,2.0,1.0,0.0,0.0,25000.0,7278.288039869854,667185982689-101.0,False,True,50-59,Boomer
667199609630,11,101.0,12.0,1.0,1.0,1.0,12.0,61.0,61.0,1952.0,2.0,1.0,0.0,0.0,15000.0,4059.1194075377257,667199609630-101.0,False,True,60 years and over,Boomer
667285294369,11,102.0,12.0,1.0,1.0,1.0,9.0,39.0,39.0,1974.0,2.0,1.0,0.0,0.0,10000.0,1508.4253646801471,667285294369-102.0,False,True,30-39,Generation x
667342073660,11,101.0,12.0,1.0,1.0,1.0,3.0,60.0,59.0,1954.0,1.0,1.0,1.0,4800.0,1600.0,3438.3888020206264,667342073660-101.0,True,True,60 years and over,Boomer
667408068852,11,101.0,12.0,1.0,1.0,1.0,2.0,79.0,78.0,1935.0,2.0,1.0,0.0,0.0,500.0,3500.15282782447,667408068852-101.0,False,True,60 years and over,Silent
667408408086,11,104.0,12.0,1.0,1.0,1.0,2.0,35.0,34.0,1979.0,2.0,1.0,0.0,0.0,2600.0,5581.680528756622,667408408086-104.0,False,True,30-39,Generation x
667418086855,11,101.0,12.0,1.0,1.0,1.0,3.0,69.0,69.0,1944.0,2.0,1.0,0.0,0.0,5090.0,2641.825184617857,667418086855-101.0,False,True,60 years and over,Silent
667418114585,11,101.0,12.0,1.0,1.0,1.0,11.0,54.0,54.0,1959.0,2.0,1.0,0.0,0.0,6000.0,2787.6093695061686,667418114585-101.0,False,True,50-59,Boomer
667418114880,11,101.0,12.0,1.0,1.0,1.0,9.0,53.0,53.0,1960.0,2.0,1.0,0.0,0.0,10000.0,2585.433972949938,667418114880-101.0,False,True,50-59,Boomer
667418136599,11,102.0,12.0,1.0,1.0,1.0,10.0,82.0,82.0,1931.0,2.0,1.0,0.0,0.0,24000.0,1896.867990482405,667418136599-102.0,False,True,60 years and over,Silent
667418138040,11,103.0,12.0,1.0,1.0,1.0,11.0,24.0,24.0,1989.0,2.0,1.0,0.0,0.0,160.0,1250.1270617690247,667418138040-103.0,False,True,under 30,Millennials
667418138138,11,101.0,12.0,1.0,1.0,1.0,1.0,30.0,29.0,1984.0,2.0,1.0,0.0,0.0,3000.0,1902.6963851318185,667418138138-101.0,False,True,30-39,Millennials
667418209765,11,104.0,12.0,1.0,1.0,1.0,8.0,15.0,15.0,1998.0,2.0,1.0,0.0,0.0,3000.0,1508.109669704224,667418209765-104.0,False,True,under 30,Gen Z
667418215509,11,101.0,12.0,1.0,1.0,1.0,12.0,51.0,51.0,1962.0,2.0,1.0,0.0,0.0,5000.0,1324.6666911545312,667418215509-101.0,False,True,50-59,Boomer
667418334705,11,101.0,12.0,1.0,1.0,1.0,1.0,66.0,65.0,1948.0,2.0,1.0,0.0,0.0,1300.0,1150.0724372419293,667418334705-101.0,False,True,60 years and over,Boomer
667418382360,11,102.0,12.0,1.0,1.0,1.0,5.0,52.0,52.0,1961.0,1.0,1.0,1.0,500.0,600.0,7817.4278214225,667418382360-102.0,True,True,50-59,Boomer
667418382449,11,102.0,12.0,1.0,1.0,1.0,4.0,87.0,87.0,1927.0,2.0,1.0,0.0,0.0,10.0,7908.955068224962,667418382449-102.0,False,True,60 years and over,Silent
667418400887,11,102.0,12.0,1.0,1.0,1.0,6.0,30.0,30.0,1983.0,2.0,1.0,0.0,0.0,2600.0,5414.847701499365,667418400887-102.0,False,True,30-39,Millennials
667418472255,11,101.0,12.0,1.0,1.0,1.0,5.0,72.0,72.0,1941.0,2.0,1.0,0.0,0.0,1690.0,1745.536493028607,667418472255-101.0,False,True,60 years and over,Silent
667418597483,11,101.0,12.0,1.0,1.0,1.0,7.0,71.0,71.0,1942.0,2.0,1.0,0.0,0.0,2100.0,1568.8606918017285,667418597483-101.0,False,True,60 years and over,Silent
667418604483,11,101.0,12.0,1.0,6.0,1.0,10.0,54.0,54.0,1959.0,2.0,1.0,0.0,0.0,8000.0,1809.5281945021445,667418604483-101.0,False,True,50-59,Boomer
667418633933,11,101.0,12.0,1.0,1.0,1.0,1.0,46.0,45.0,1968.0,2.0,1.0,0.0,0.0,3000.0,6924.820350494736,667418633933-101.0,False,True,40-49,Generation x
667418828509,11,101.0,12.0,1.0,1.0,1.0,7.0,23.0,23.0,1990.0,2.0,1.0,0.0,0.0,100.0,1526.9275795305018,667418828509-101.0,False,True,under 30,Millennials
667418828509,11,102.0,12.0,1.0,1.0,1.0,4.0,50.0,49.0,1964.0,2.0,1.0,0.0,0.0,5000.0,1348.6725779741644,667418828509-102.0,False,True,50-59,Boomer
667418848619,11,101.0,12.0,1.0,1.0,1.0,3.0,57.0,56.0,1957.0,2.0,1.0,0.0,0.0,2760.0,7802.438118969133,667418848619-101.0,False,True,50-59,Boomer
667418849267,11,101.0,12.0,1.0,1.0,1.0,3.0,43.0,42.0,1971.0,2.0,1.0,0.0,0.0,6000.0,1273.8549961279111,667418849267-101.0,False,True,40-49,Generation x
667418995240,11,101.0,12.0,1.0,1.0,1.0,5.0,59.0,58.0,1955.0,2.0,1.0,0.0,0.0,250.0,1681.5251233443812,667418995240-101.0,False,True,50-59,Boomer
667552824930,11,101.0,12.0,1.0,1.0,1.0,11.0,47.0,47.0,1966.0,2.0,1.0,0.0,0.0,600.0,1792.9374783085855,667552824930-101.0,False,True,40-49,Generation x
667689101149,11,101.0,12.0,1.0,1.0,1.0,10.0,42.0,42.0,1971.0,2.0,1.0,0.0,0.0,3600.0,7830.836918354134,667689101149-101.0,False,True,40-49,Generation x
667689101149,11,102.0,12.0,1.0,1.0,1.0,2.0,44.0,43.0,1970.0,2.0,1.0,0.0,0.0,3600.0,7830.836918354134,667689101149-102.0,False,True,40-49,Generation x
667689101660,11,101.0,12.0,1.0,1.0,1.0,5.0,51.0,51.0,1962.0,2.0,1.0,0.0,0.0,5000.0,4474.42385154302,667689101660-101.0,False,True,50-59,Boomer
667816138660,11,101.0,12.0,1.0,1.0,1.0,9.0,69.0,69.0,1944.0,2.0,1.0,0.0,0.0,600.0,3492.801954808897,667816138660-101.0,False,True,60 years and over,Silent
667816138660,11,102.0,12.0,1.0,1.0,1.0,11.0,68.0,68.0,1945.0,2.0,1.0,0.0,0.0,600.0,3492.801954808897,667816138660-102.0,False,True,60 years and over,Silent
667816828630,11,102.0,12.0,1.0,1.0,1.0,5.0,62.0,62.0,1951.0,2.0,1.0,0.0,0.0,2500.0,6441.973355022,667816828630-102.0,False,True,60 years and over,Boomer
667828092887,11,102.0,12.0,1.0,1.0,1.0,4.0,59.0,59.0,1954.0,2.0,1.0,0.0,0.0,8000.0,4313.87939957386,667828092887-102.0,False,True,50-59,Boomer
667828228516,11,103.0,12.0,1.0,1.0,1.0,4.0,52.0,51.0,1962.0,2.0,1.0,0.0,0.0,9600.0,4182.2041172857125,667828228516-103.0,False,True,50-59,Boomer
667860021108,11,101.0,12.0,1.0,1.0,1.0,6.0,55.0,55.0,1958.0,2.0,1.0,0.0,0.0,10000.0,4733.507004410058,667860021108-101.0,False,True,50-59,Boomer
667860021108,11,102.0,12.0,1.0,1.0,1.0,1.0,63.0,62.0,1951.0,2.0,1.0,0.0,0.0,600.0,4733.507004410058,667860021108-102.0,False,True,60 years and over,Boomer
667860043686,11,101.0,12.0,1.0,1.0,1.0,5.0,51.0,51.0,1962.0,2.0,1.0,0.0,0.0,12000.0,3095.888432658116,667860043686-101.0,False,True,50-59,Boomer
667860043686,11,102.0,12.0,1.0,1.0,1.0,11.0,51.0,51.0,1962.0,2.0,1.0,0.0,0.0,12000.0,3095.888432658116,667860043686-102.0,False,True,50-59,Boomer
667860073127,11,102.0,12.0,1.0,1.0,1.0,3.0,58.0,57.0,1956.0,2.0,1.0,0.0,0.0,15000.0,5629.890613555841,667860073127-102.0,False,True,50-59,Boomer
667860086035,11,103.0,12.0,1.0,1.0,1.0,9.0,48.0,48.0,1965.0,2.0,1.0,0.0,0.0,4800.0,5501.2441298401245,667860086035-103.0,False,True,40-49,Generation x
667860086431,11,103.0,12.0,1.0,1.0,1.0,5.0,18.0,18.0,1995.0,2.0,1.0,0.0,0.0,160.0,2173.285782652882,667860086431-103.0,False,True,under 30,Millennials
667860136960,11,101.0,12.0,1.0,1.0,1.0,7.0,61.0,61.0,1952.0,2.0,1.0,0.0,0.0,6000.0,3523.142284723072,667860136960-101.0,False,True,60 years and over,Boomer
667860136960,11,102.0,12.0,1.0,1.0,1.0,8.0,58.0,58.0,1955.0,2.0,1.0,0.0,0.0,6000.0,3523.142284723072,667860136960-102.0,False,True,50-59,Boomer
667860276757,11,104.0,12.0,1.0,1.0,1.0,9.0,27.0,27.0,1986.0,2.0,1.0,0.0,0.0,3000.0,2019.914758867832,667860276757-104.0,False,True,under 30,Millennials
667860294554,11,101.0,12.0,1.0,1.0,1.0,2.0,50.0,49.0,1964.0,2.0,1.0,0.0,0.0,2500.0,2085.0291336869564,667860294554-101.0,False,True,50-59,Boomer
667860302631,11,101.0,12.0,1.0,1.0,1.0,5.0,57.0,57.0,1956.0,2.0,1.0,0.0,0.0,18000.0,4695.84591074248,667860302631-101.0,False,True,50-59,Boomer
667860303179,11,101.0,12.0,1.0,1.0,1.0,9.0,52.0,52.0,1961.0,2.0,1.0,0.0,0.0,800.0,3790.8794387907105,667860303179-101.0,False,True,50-59,Boomer
667860303179,11,102.0,12.0,1.0,1.0,1.0,8.0,55.0,55.0,1958.0,2.0,1.0,0.0,0.0,600.0,3790.8794387907105,667860303179-102.0,False,True,50-59,Boomer
667860320207,11,101.0,12.0,1.0,1.0,1.0,12.0,55.0,55.0,1958.0,2.0,1.0,0.0,0.0,3600.0,3471.2779601924626,667860320207-101.0,False,True,50-59,Boomer
667860323516,11,101.0,12.0,1.0,1.0,1.0,3.0,51.0,50.0,1963.0,2.0,1.0,0.0,0.0,3600.0,4474.241702414605,667860323516-101.0,False,True,50-59,Boomer
667860323516,11,102.0,12.0,1.0,1.0,1.0,9.0,48.0,48.0,1965.0,2.0,1.0,0.0,0.0,2400.0,4474.241702414605,667860323516-102.0,False,True,40-49,Generation x
667860334140,11,101.0,12.0,1.0,1.0,1.0,2.0,60.0,59.0,1954.0,2.0,1.0,0.0,0.0,2000.0,1527.8532225002662,667860334140-101.0,False,True,60 years and over,Boomer
667860334784,11,101.0,12.0,1.0,1.0,1.0,7.0,53.0,53.0,1960.0,2.0,1.0,0.0,0.0,6000.0,5810.4465833833065,667860334784-101.0,False,True,50-59,Boomer
667860406046,11,101.0,12.0,1.0,1.0,1.0,8.0,40.0,40.0,1973.0,2.0,1.0,0.0,0.0,550.0,3357.4443170850545,667860406046-101.0,False,True,40-49,Generation x
667860406431,11,101.0,12.0,1.0,1.0,1.0,2.0,86.0,85.0,1928.0,2.0,1.0,0.0,0.0,6000.0,1356.6699513462825,667860406431-101.0,False,True,60 years and over,Silent
667860408751,11,101.0,12.0,1.0,1.0,1.0,2.0,67.0,66.0,1947.0,2.0,1.0,0.0,0.0,8000.0,9216.080428189558,667860408751-101.0,False,True,60 years and over,Boomer
667860408930,11,101.0,12.0,1.0,1.0,1.0,12.0,21.0,21.0,1992.0,2.0,1.0,0.0,0.0,4010.0,2085.2628536261223,667860408930-101.0,False,True,under 30,Millennials
667860415584,11,101.0,12.0,1.0,1.0,1.0,1.0,48.0,47.0,1966.0,2.0,1.0,0.0,0.0,15000.0,2169.4659734109655,667860415584-101.0,False,True,40-49,Generation x
667860415738,11,101.0,12.0,1.0,1.0,1.0,7.0,71.0,71.0,1942.0,2.0,1.0,0.0,0.0,8000.0,2855.8000100435274,667860415738-101.0,False,True,60 years and over,Silent
667860438196,11,101.0,12.0,1.0,1.0,1.0,2.0,46.0,45.0,1968.0,2.0,1.0,0.0,0.0,150.0,1186.0037246025486,667860438196-101.0,False,True,40-49,Generation x
667860501381,11,102.0,12.0,1.0,1.0,1.0,12.0,61.0,61.0,1952.0,2.0,1.0,0.0,0.0,5000.0,1834.49566238758,667860501381-102.0,False,True,60 years and over,Boomer
667860604085,11,102.0,12.0,1.0,1.0,1.0,4.0,53.0,52.0,1961.0,2.0,1.0,0.0,0.0,6500.0,7160.361142972041,667860604085-102.0,False,True,50-59,Boomer
667860604369,11,101.0,12.0,1.0,1.0,1.0,3.0,54.0,54.0,1959.0,2.0,1.0,0.0,0.0,3000.0,2024.269546369668,667860604369-101.0,False,True,50-59,Boomer
667860606366,11,101.0,12.0,1.0,1.0,1.0,5.0,58.0,58.0,1955.0,2.0,1.0,0.0,0.0,300.0,3617.518904347981,667860606366-101.0,False,True,50-59,Boomer
667860609033,11,101.0,12.0,1.0,1.0,1.0,6.0,43.0,43.0,1970.0,2.0,1.0,0.0,0.0,10000.0,7011.80731677957,667860609033-101.0,False,True,40-49,Generation x
667860633023,11,101.0,12.0,1.0,1.0,1.0,7.0,58.0,58.0,1955.0,2.0,1.0,0.0,0.0,6000.0,1225.8531837689247,667860633023-101.0,False,True,50-59,Boomer
667860633531,11,101.0,12.0,1.0,1.0,1.0,1.0,62.0,61.0,1952.0,2.0,1.0,0.0,0.0,15000.0,2944.860625876428,667860633531-101.0,False,True,60 years and over,Boomer
667860662932,11,101.0,12.0,1.0,1.0,1.0,9.0,47.0,47.0,1966.0,2.0,1.0,0.0,0.0,5000.0,1286.2183719090574,667860662932-101.0,False,True,40-49,Generation x
667860688536,11,101.0,12.0,1.0,1.0,1.0,6.0,68.0,68.0,1945.0,2.0,1.0,0.0,0.0,3000.0,4059.01936311978,667860688536-101.0,False,True,60 years and over,Silent
667860771023,11,101.0,12.0,1.0,1.0,1.0,3.0,55.0,54.0,1959.0,2.0,1.0,0.0,0.0,500.0,1444.8939463011768,667860771023-101.0,False,True,50-59,Boomer
667860814085,11,101.0,12.0,1.0,1.0,1.0,2.0,57.0,56.0,1957.0,2.0,1.0,0.0,0.0,4000.0,3780.4005555356425,667860814085-101.0,False,True,50-59,Boomer
667860814506,11,101.0,12.0,1.0,1.0,1.0,6.0,82.0,82.0,1931.0,2.0,1.0,0.0,0.0,100.0,2177.813540433184,667860814506-101.0,False,True,60 years and over,Silent
667860816053,11,101.0,12.0,1.0,1.0,1.0,8.0,49.0,49.0,1964.0,2.0,1.0,0.0,0.0,3000.0,6383.192168970578,667860816053-101.0,False,True,40-49,Boomer
667860828950,11,101.0,12.0,1.0,1.0,1.0,9.0,81.0,81.0,1932.0,2.0,1.0,0.0,0.0,500.0,4352.1841026574875,667860828950-101.0,False,True,60 years and over,Silent
667860848483,11,101.0,12.0,1.0,1.0,1.0,10.0,48.0,48.0,1965.0,1.0,1.0,1.0,4000.0,8000.0,3248.921978672089,667860848483-101.0,True,True,40-49,Generation x
667860848521,11,103.0,12.0,1.0,1.0,1.0,12.0,44.0,44.0,1969.0,2.0,1.0,0.0,0.0,8000.0,3328.546396783704,667860848521-103.0,False,True,40-49,Generation x
667860849531,11,101.0,12.0,1.0,1.0,1.0,3.0,46.0,45.0,1968.0,2.0,1.0,0.0,0.0,27000.0,3141.4357338487443,667860849531-101.0,False,True,40-49,Generation x
667860908243,11,103.0,12.0,1.0,1.0,1.0,12.0,20.0,20.0,1993.0,2.0,1.0,0.0,0.0,4010.0,4389.284257643686,667860908243-103.0,False,True,under 30,Millennials
667860945788,11,101.0,12.0,1.0,1.0,1.0,3.0,60.0,59.0,1954.0,2.0,1.0,0.0,0.0,150.0,1639.2111469083154,667860945788-101.0,False,True,60 years and over,Boomer
667932860516,11,102.0,12.0,1.0,1.0,1.0,12.0,49.0,49.0,1964.0,2.0,1.0,0.0,0.0,25000.0,8721.702823664486,667932860516-102.0,False,True,40-49,Boomer
667995114516,11,101.0,12.0,1.0,1.0,1.0,6.0,44.0,44.0,1969.0,2.0,1.0,0.0,0.0,4800.0,7981.58772463701,667995114516-101.0,False,True,40-49,Generation x
685285988383,11,101.0,12.0,1.0,1.0,1.0,9.0,68.0,68.0,1945.0,2.0,1.0,0.0,0.0,27000.0,4733.825264615531,685285988383-101.0,False,True,60 years and over,Silent
685285988383,11,102.0,12.0,1.0,1.0,1.0,8.0,62.0,62.0,1951.0,2.0,1.0,0.0,0.0,27000.0,4733.825264615531,685285988383-102.0,False,True,60 years and over,Boomer
685359342688,11,101.0,12.0,1.0,1.0,1.0,8.0,41.0,41.0,1972.0,2.0,1.0,0.0,0.0,2000.0,5560.581980048921,685359342688-101.0,False,True,40-49,Generation x
685359606310,11,102.0,12.0,1.0,1.0,1.0,4.0,30.0,29.0,1984.0,2.0,1.0,0.0,0.0,3000.0,5348.831841133885,685359606310-102.0,False,True,30-39,Millennials
685816098565,11,101.0,12.0,1.0,1.0,1.0,8.0,63.0,63.0,1950.0,2.0,1.0,0.0,0.0,2000.0,7485.204730828634,685816098565-101.0,False,True,60 years and over,Boomer
685816609246,11,101.0,12.0,1.0,1.0,1.0,11.0,52.0,52.0,1961.0,2.0,1.0,0.0,0.0,1000.0,7648.336088238221,685816609246-101.0,False,True,50-59,Boomer
717285092085,11,101.0,12.0,1.0,1.0,1.0,6.0,34.0,34.0,1979.0,1.0,1.0,1.0,3600.0,4800.0,4712.741337221986,717285092085-101.0,True,True,30-39,Generation x
717285092668,11,101.0,12.0,1.0,1.0,1.0,6.0,52.0,52.0,1961.0,2.0,1.0,0.0,0.0,500.0,10000.264707537888,717285092668-101.0,False,True,50-59,Boomer
717285098466,11,101.0,12.0,1.0,1.0,1.0,11.0,83.0,83.0,1930.0,2.0,1.0,0.0,0.0,2000.0,2933.3277832112763,717285098466-101.0,False,True,60 years and over,Silent
717285136198,11,101.0,12.0,1.0,1.0,1.0,7.0,27.0,27.0,1986.0,2.0,1.0,0.0,0.0,3000.0,4428.881743903636,717285136198-101.0,False,True,under 30,Millennials
717285285534,11,101.0,12.0,1.0,1.0,1.0,10.0,68.0,68.0,1945.0,2.0,1.0,0.0,0.0,10000.0,5038.967249686014,717285285534-101.0,False,True,60 years and over,Silent
717285285999,11,101.0,12.0,1.0,1.0,1.0,10.0,84.0,84.0,1929.0,2.0,1.0,0.0,0.0,3000.0,6160.4053385675525,717285285999-101.0,False,True,60 years and over,Silent
717285320240,11,101.0,12.0,1.0,1.0,1.0,12.0,61.0,61.0,1952.0,2.0,1.0,0.0,0.0,360.0,3886.58517696604,717285320240-101.0,False,True,60 years and over,Boomer
717285320240,11,102.0,12.0,1.0,1.0,1.0,10.0,64.0,64.0,1949.0,2.0,1.0,0.0,0.0,20000.0,3886.58517696604,717285320240-102.0,False,True,60 years and over,Boomer
717285323582,11,101.0,12.0,1.0,1.0,1.0,5.0,55.0,55.0,1958.0,2.0,1.0,0.0,0.0,1200.0,3658.740539306228,717285323582-101.0,False,True,50-59,Boomer
717285323898,11,101.0,12.0,1.0,1.0,1.0,7.0,65.0,65.0,1948.0,2.0,1.0,0.0,0.0,2000.0,3749.601410846744,717285323898-101.0,False,True,60 years and over,Boomer
717285323898,11,102.0,12.0,1.0,1.0,1.0,7.0,65.0,65.0,1948.0,2.0,1.0,0.0,0.0,18000.0,3749.601410846744,717285323898-102.0,False,True,60 years and over,Boomer
717285342319,11,102.0,12.0,1.0,1.0,1.0,3.0,37.0,37.0,1976.0,2.0,1.0,0.0,0.0,360.0,4488.6679450663005,717285342319-102.0,False,True,30-39,Generation x
717285359935,11,101.0,12.0,1.0,1.0,1.0,10.0,57.0,57.0,1956.0,1.0,1.0,1.0,2050.0,200.0,6524.654935897896,717285359935-101.0,True,True,50-59,Boomer
717285527720,11,101.0,12.0,1.0,1.0,1.0,6.0,64.0,64.0,1949.0,2.0,1.0,0.0,0.0,5000.0,3317.8523436316227,717285527720-101.0,False,True,60 years and over,Boomer
717285988655,11,102.0,12.0,1.0,1.0,1.0,7.0,59.0,59.0,1954.0,2.0,1.0,0.0,0.0,3000.0,7148.1927643782265,717285988655-102.0,False,True,50-59,Boomer
717418114686,11,101.0,12.0,1.0,1.0,1.0,10.0,52.0,52.0,1961.0,2.0,1.0,0.0,0.0,1000.0,4128.236752464258,717418114686-101.0,False,True,50-59,Boomer
717418114686,11,102.0,12.0,1.0,1.0,1.0,12.0,52.0,52.0,1961.0,2.0,1.0,0.0,0.0,1000.0,4128.236752464258,717418114686-102.0,False,True,50-59,Boomer
717418126705,11,101.0,12.0,1.0,1.0,1.0,5.0,45.0,45.0,1968.0,2.0,1.0,0.0,0.0,25000.0,6425.341873204056,717418126705-101.0,False,True,40-49,Generation x
717418136779,11,101.0,12.0,1.0,1.0,1.0,7.0,54.0,54.0,1959.0,2.0,1.0,0.0,0.0,2000.0,3325.1703034105653,717418136779-101.0,False,True,50-59,Boomer
717418382994,11,101.0,12.0,1.0,1.0,1.0,9.0,56.0,56.0,1957.0,2.0,1.0,0.0,0.0,8400.0,6654.251632892632,717418382994-101.0,False,True,50-59,Boomer
717418400770,11,101.0,12.0,1.0,1.0,1.0,7.0,53.0,53.0,1960.0,2.0,1.0,0.0,0.0,3000.0,6667.818702587962,717418400770-101.0,False,True,50-59,Boomer
717418400770,11,102.0,12.0,1.0,1.0,1.0,8.0,53.0,53.0,1960.0,2.0,1.0,0.0,0.0,3000.0,6667.818702587962,717418400770-102.0,False,True,50-59,Boomer
717418406855,11,101.0,12.0,1.0,1.0,1.0,4.0,60.0,60.0,1953.0,2.0,1.0,0.0,0.0,6000.0,3710.90031619492,717418406855-101.0,False,True,60 years and over,Boomer
717418406855,11,102.0,12.0,1.0,1.0,1.0,7.0,51.0,51.0,1962.0,2.0,1.0,0.0,0.0,6000.0,3710.90031619492,717418406855-102.0,False,True,50-59,Boomer
717418552386,11,101.0,12.0,1.0,1.0,1.0,11.0,56.0,56.0,1957.0,2.0,1.0,0.0,0.0,15000.0,4369.0789387977,717418552386-101.0,False,True,50-59,Boomer
717418604486,11,101.0,12.0,1.0,1.0,1.0,11.0,56.0,56.0,1957.0,2.0,1.0,0.0,0.0,3000.0,4401.714280138383,717418604486-101.0,False,True,50-59,Boomer
717418604567,11,103.0,12.0,1.0,1.0,1.0,5.0,50.0,50.0,1963.0,1.0,1.0,2.0,2000.0,1690.0,7671.011143413545,717418604567-103.0,True,True,50-59,Boomer
717418771235,11,102.0,12.0,1.0,1.0,1.0,11.0,61.0,61.0,1952.0,2.0,1.0,0.0,0.0,1750.0,4838.8806606796725,717418771235-102.0,False,True,60 years and over,Boomer
717418816480,11,101.0,12.0,1.0,1.0,1.0,4.0,82.0,81.0,1932.0,2.0,1.0,0.0,0.0,600.0,4594.637292244524,717418816480-101.0,False,True,60 years and over,Silent
717418848638,11,101.0,12.0,1.0,1.0,1.0,6.0,73.0,73.0,1940.0,2.0,1.0,0.0,0.0,12000.0,4785.607940709195,717418848638-101.0,False,True,60 years and over,Silent
717418995954,11,101.0,12.0,1.0,1.0,1.0,8.0,63.0,63.0,1950.0,2.0,1.0,0.0,0.0,4100.0,7433.442952214205,717418995954-101.0,False,True,60 years and over,Boomer
717552098501,11,101.0,12.0,1.0,1.0,1.0,10.0,38.0,38.0,1975.0,2.0,1.0,0.0,0.0,4760.0,3202.935207634435,717552098501-101.0,False,True,30-39,Generation x
717555068677,11,102.0,12.0,1.0,1.0,1.0,2.0,51.0,50.0,1963.0,2.0,1.0,0.0,0.0,6000.0,4022.517562556681,717555068677-102.0,False,True,50-59,Boomer
717816073582,11,101.0,12.0,1.0,1.0,1.0,2.0,62.0,61.0,1952.0,2.0,1.0,0.0,0.0,5000.0,3573.984562882518,717816073582-101.0,False,True,60 years and over,Boomer
717816172229,11,101.0,12.0,1.0,1.0,1.0,1.0,46.0,45.0,1968.0,2.0,1.0,0.0,0.0,2000.0,3221.853056781938,717816172229-101.0,False,True,40-49,Generation x
717816609497,11,102.0,12.0,1.0,1.0,1.0,1.0,63.0,62.0,1951.0,2.0,1.0,0.0,0.0,5090.0,4951.425828726256,717816609497-102.0,False,True,60 years and over,Boomer
717860098142,11,101.0,12.0,1.0,1.0,1.0,10.0,51.0,51.0,1962.0,2.0,1.0,0.0,0.0,1000.0,5274.638542579554,717860098142-101.0,False,True,50-59,Boomer
717860098857,11,101.0,12.0,1.0,1.0,1.0,10.0,54.0,54.0,1959.0,2.0,1.0,0.0,0.0,9270.0,3128.7824433443816,717860098857-101.0,False,True,50-59,Boomer
717860121097,11,101.0,12.0,1.0,1.0,1.0,5.0,78.0,78.0,1935.0,2.0,1.0,0.0,0.0,2000.0,5011.3498269082975,717860121097-101.0,False,True,60 years and over,Silent
717860126857,11,101.0,12.0,1.0,1.0,1.0,6.0,54.0,54.0,1959.0,2.0,1.0,0.0,0.0,10000.0,5355.336177159012,717860126857-101.0,False,True,50-59,Boomer
717860135277,11,103.0,12.0,1.0,1.0,1.0,11.0,50.0,50.0,1963.0,2.0,1.0,0.0,0.0,1600.0,2816.4232323762567,717860135277-103.0,False,True,50-59,Boomer
717860172431,11,101.0,12.0,1.0,1.0,1.0,8.0,44.0,44.0,1969.0,2.0,1.0,0.0,0.0,5000.0,6619.857702776832,717860172431-101.0,False,True,40-49,Generation x
717860172647,11,102.0,12.0,1.0,1.0,1.0,11.0,61.0,61.0,1952.0,2.0,1.0,0.0,0.0,7200.0,6220.962071954431,717860172647-102.0,False,True,60 years and over,Boomer
717860256828,11,103.0,12.0,1.0,1.0,1.0,1.0,32.0,31.0,1982.0,2.0,1.0,0.0,0.0,160.0,7297.444920846054,717860256828-103.0,False,True,30-39,Millennials
717860344588,11,101.0,12.0,1.0,1.0,1.0,11.0,46.0,46.0,1967.0,2.0,1.0,0.0,0.0,9270.0,3847.2532058649103,717860344588-101.0,False,True,40-49,Generation x
717860359751,11,101.0,12.0,1.0,1.0,1.0,11.0,47.0,47.0,1966.0,1.0,1.0,2.0,4000.0,10000.0,10866.01028023905,717860359751-101.0,True,True,40-49,Generation x
717860406108,11,101.0,12.0,1.0,1.0,1.0,2.0,57.0,56.0,1957.0,2.0,1.0,0.0,0.0,4000.0,9198.85933194627,717860406108-101.0,False,True,50-59,Boomer
717860406108,11,102.0,12.0,1.0,1.0,1.0,7.0,57.0,57.0,1956.0,2.0,1.0,0.0,0.0,4000.0,9198.85933194627,717860406108-102.0,False,True,50-59,Boomer
717860597894,11,103.0,12.0,1.0,1.0,1.0,10.0,41.0,41.0,1972.0,2.0,1.0,0.0,0.0,4800.0,4077.1252874613338,717860597894-103.0,False,True,40-49,Generation x
717860662040,11,101.0,12.0,1.0,1.0,1.0,5.0,54.0,54.0,1959.0,2.0,1.0,0.0,0.0,4200.0,5678.719099501345,717860662040-101.0,False,True,50-59,Boomer
717860810638,11,101.0,12.0,1.0,1.0,1.0,9.0,53.0,53.0,1960.0,2.0,1.0,0.0,0.0,3200.0,5238.277207186234,717860810638-101.0,False,True,50-59,Boomer
717860925552,11,101.0,12.0,1.0,1.0,1.0,4.0,64.0,64.0,1949.0,2.0,1.0,0.0,0.0,10000.0,5870.399085277381,717860925552-101.0,False,True,60 years and over,Boomer
717860967933,11,101.0,12.0,1.0,1.0,1.0,4.0,78.0,78.0,1935.0,2.0,1.0,0.0,0.0,4200.0,5566.273489699748,717860967933-101.0,False,True,60 years and over,Silent
717995555964,11,101.0,12.0,1.0,1.0,1.0,10.0,60.0,60.0,1953.0,1.0,1.0,2.0,1300.0,3000.0,2848.09014967861,717995555964-101.0,True,True,60 years and over,Boomer
876136136172,11,105.0,12.0,1.0,1.0,1.0,3.0,59.0,58.0,1955.0,1.0,1.0,1.0,180.0,500.0,1116.605082274088,876136136172-105.0,True,True,50-59,Boomer
876136860172,11,101.0,12.0,1.0,1.0,1.0,12.0,52.0,52.0,1961.0,2.0,1.0,0.0,0.0,10000.0,1250.243044698399,876136860172-101.0,False,True,50-59,Boomer
876136925172,11,101.0,12.0,1.0,1.0,1.0,9.0,50.0,50.0,1963.0,1.0,1.0,1.0,600.0,600.0,946.5614844766594,876136925172-101.0,True,True,50-59,Boomer
876136925797,11,101.0,12.0,1.0,1.0,1.0,9.0,43.0,43.0,1970.0,2.0,1.0,0.0,0.0,600.0,1007.7629675940626,876136925797-101.0,False,True,40-49,Generation x
876285136565,11,101.0,12.0,1.0,1.0,1.0,3.0,60.0,59.0,1954.0,2.0,1.0,0.0,0.0,2500.0,1841.4856752890876,876285136565-101.0,False,True,60 years and over,Boomer
876285276138,11,101.0,12.0,1.0,1.0,1.0,7.0,48.0,48.0,1965.0,2.0,1.0,0.0,0.0,12700.0,5318.974032868626,876285276138-101.0,False,True,40-49,Generation x
876285334584,11,101.0,12.0,1.0,1.0,1.0,8.0,52.0,52.0,1961.0,2.0,1.0,0.0,0.0,3000.0,6901.703103773541,876285334584-101.0,False,True,50-59,Boomer
876285415449,11,101.0,12.0,1.0,1.0,1.0,11.0,54.0,54.0,1959.0,2.0,1.0,0.0,0.0,24000.0,1522.8037813835228,876285415449-101.0,False,True,50-59,Boomer
876285494220,11,102.0,12.0,1.0,1.0,1.0,3.0,40.0,40.0,1973.0,2.0,1.0,0.0,0.0,600.0,1312.9481386534462,876285494220-102.0,False,True,40-49,Generation x
876285494759,11,102.0,12.0,1.0,1.0,1.0,6.0,52.0,52.0,1961.0,2.0,1.0,0.0,0.0,600.0,1392.330658621505,876285494759-102.0,False,True,50-59,Boomer
876285533301,11,101.0,12.0,1.0,1.0,1.0,4.0,43.0,43.0,1970.0,2.0,1.0,0.0,0.0,1200.0,987.1818416990407,876285533301-101.0,False,True,40-49,Generation x
876285689020,11,101.0,12.0,1.0,1.0,1.0,4.0,54.0,54.0,1959.0,2.0,1.0,0.0,0.0,5000.0,1137.4346781620766,876285689020-101.0,False,True,50-59,Boomer
876285689029,11,101.0,12.0,1.0,1.0,1.0,10.0,67.0,67.0,1946.0,2.0,1.0,0.0,0.0,6000.0,2623.405681578256,876285689029-101.0,False,True,60 years and over,Boomer
876285756259,11,101.0,12.0,1.0,1.0,1.0,2.0,55.0,54.0,1959.0,2.0,1.0,0.0,0.0,3600.0,2664.7828227545424,876285756259-101.0,False,True,50-59,Boomer
876285816753,11,101.0,12.0,1.0,1.0,1.0,6.0,56.0,56.0,1957.0,2.0,1.0,0.0,0.0,2400.0,2256.875157443484,876285816753-101.0,False,True,50-59,Boomer
876285816753,11,102.0,12.0,1.0,1.0,1.0,7.0,57.0,57.0,1956.0,2.0,1.0,0.0,0.0,2400.0,2256.875157443484,876285816753-102.0,False,True,50-59,Boomer
876285847814,11,101.0,12.0,1.0,1.0,1.0,9.0,55.0,55.0,1958.0,2.0,1.0,0.0,0.0,100.0,4482.805724386296,876285847814-101.0,False,True,50-59,Boomer
876285982971,11,101.0,12.0,1.0,1.0,1.0,1.0,67.0,66.0,1947.0,2.0,1.0,0.0,0.0,4000.0,4439.807856987129,876285982971-101.0,False,True,60 years and over,Boomer
876359860695,11,101.0,12.0,1.0,1.0,1.0,2.0,64.0,63.0,1950.0,2.0,1.0,0.0,0.0,127.0,832.3042970752325,876359860695-101.0,False,True,60 years and over,Boomer
876359925801,11,102.0,12.0,1.0,1.0,1.0,2.0,36.0,35.0,1978.0,2.0,1.0,0.0,0.0,10000.0,1089.4147388323124,876359925801-102.0,False,True,30-39,Generation x
876418057784,11,102.0,12.0,1.0,1.0,1.0,12.0,42.0,42.0,1971.0,2.0,1.0,0.0,0.0,7000.0,925.6642516284801,876418057784-102.0,False,True,40-49,Generation x
876418138851,11,103.0,12.0,1.0,1.0,1.0,1.0,61.0,60.0,1953.0,2.0,1.0,0.0,0.0,13000.0,1289.3657909203012,876418138851-103.0,False,True,60 years and over,Boomer
876418204003,11,102.0,12.0,1.0,1.0,1.0,10.0,60.0,60.0,1953.0,2.0,1.0,0.0,0.0,1000.0,1358.6870532430053,876418204003-102.0,False,True,60 years and over,Boomer
876418334832,11,101.0,12.0,1.0,1.0,1.0,5.0,74.0,74.0,1939.0,2.0,1.0,0.0,0.0,6000.0,5633.288931596484,876418334832-101.0,False,True,60 years and over,Silent
876418606125,11,101.0,12.0,1.0,1.0,1.0,11.0,30.0,30.0,1983.0,2.0,1.0,0.0,0.0,100.0,1288.9731118386214,876418606125-101.0,False,True,30-39,Millennials
876418860105,11,102.0,12.0,1.0,1.0,1.0,4.0,56.0,56.0,1957.0,2.0,1.0,0.0,0.0,5400.0,6450.430425232708,876418860105-102.0,False,True,50-59,Boomer
876816046097,11,101.0,12.0,1.0,1.0,1.0,1.0,30.0,29.0,1984.0,2.0,1.0,0.0,0.0,700.0,1048.380478339292,876816046097-101.0,False,True,30-39,Millennials
876816408365,11,101.0,12.0,1.0,1.0,1.0,2.0,45.0,44.0,1969.0,2.0,1.0,0.0,0.0,3600.0,849.5503042704945,876816408365-101.0,False,True,40-49,Generation x
876816408365,11,102.0,12.0,1.0,1.0,1.0,7.0,41.0,41.0,1972.0,2.0,1.0,0.0,0.0,3600.0,849.5503042704945,876816408365-102.0,False,True,40-49,Generation x
876816625294,11,102.0,12.0,1.0,1.0,1.0,10.0,65.0,65.0,1948.0,1.0,1.0,1.0,12000.0,18000.0,3294.4472141332244,876816625294-102.0,True,True,60 years and over,Boomer
876860023547,11,101.0,12.0,1.0,1.0,1.0,3.0,58.0,57.0,1956.0,2.0,1.0,0.0,0.0,1100.0,6892.200828032235,876860023547-101.0,False,True,50-59,Boomer
876860034956,11,101.0,12.0,1.0,1.0,1.0,5.0,50.0,50.0,1963.0,2.0,1.0,0.0,0.0,500.0,7582.900742142858,876860034956-101.0,False,True,50-59,Boomer
876860057470,11,101.0,12.0,1.0,1.0,1.0,8.0,62.0,62.0,1951.0,2.0,1.0,0.0,0.0,1000.0,782.5462292479185,876860057470-101.0,False,True,60 years and over,Boomer
876860068903,11,101.0,12.0,1.0,1.0,1.0,6.0,64.0,64.0,1949.0,2.0,1.0,0.0,0.0,3000.0,2551.4690551831977,876860068903-101.0,False,True,60 years and over,Boomer
876860073127,11,101.0,12.0,1.0,1.0,1.0,8.0,67.0,67.0,1946.0,2.0,1.0,0.0,0.0,13200.0,976.5711941418126,876860073127-101.0,False,True,60 years and over,Boomer
876860073801,11,101.0,12.0,1.0,1.0,1.0,5.0,63.0,63.0,1950.0,1.0,1.0,1.0,2000.0,4000.0,685.1827583841844,876860073801-101.0,True,True,60 years and over,Boomer
876860086944,11,102.0,12.0,1.0,1.0,1.0,11.0,57.0,57.0,1956.0,2.0,1.0,0.0,0.0,6000.0,1516.0860567362854,876860086944-102.0,False,True,50-59,Boomer
876860092502,11,101.0,12.0,1.0,1.0,1.0,1.0,45.0,44.0,1969.0,2.0,1.0,0.0,0.0,5090.0,4867.438046087175,876860092502-101.0,False,True,40-49,Generation x
876860092746,11,101.0,12.0,1.0,1.0,1.0,10.0,52.0,52.0,1961.0,2.0,1.0,0.0,0.0,8000.0,7230.279757987349,876860092746-101.0,False,True,50-59,Boomer
876860101898,11,101.0,12.0,1.0,6.0,1.0,2.0,50.0,49.0,1964.0,2.0,1.0,0.0,0.0,2000.0,1021.5776791200549,876860101898-101.0,False,True,50-59,Boomer
876860101898,11,102.0,12.0,1.0,6.0,1.0,1.0,57.0,56.0,1957.0,2.0,1.0,0.0,0.0,2000.0,1021.5776791200549,876860101898-102.0,False,True,50-59,Boomer
876860136372,11,101.0,12.0,1.0,1.0,1.0,10.0,54.0,54.0,1959.0,2.0,1.0,0.0,0.0,12000.0,524.6516084723465,876860136372-101.0,False,True,50-59,Boomer
876860136402,11,101.0,12.0,1.0,1.0,1.0,1.0,50.0,49.0,1964.0,2.0,1.0,0.0,0.0,175.0,1184.0965350956928,876860136402-101.0,False,True,50-59,Boomer
876860199189,11,101.0,12.0,1.0,1.0,1.0,9.0,52.0,52.0,1961.0,2.0,1.0,0.0,0.0,1780.0,900.6110819434979,876860199189-101.0,False,True,50-59,Boomer
876860204466,11,101.0,12.0,1.0,1.0,1.0,10.0,48.0,48.0,1965.0,2.0,1.0,0.0,0.0,1000.0,651.5629914553135,876860204466-101.0,False,True,40-49,Generation x
876860204554,11,101.0,12.0,1.0,1.0,1.0,7.0,48.0,48.0,1965.0,2.0,1.0,0.0,0.0,12000.0,7036.603638661289,876860204554-101.0,False,True,40-49,Generation x
876860204554,11,102.0,12.0,1.0,1.0,1.0,8.0,47.0,47.0,1966.0,2.0,1.0,0.0,0.0,9000.0,7036.603638661289,876860204554-102.0,False,True,40-49,Generation x
876860209194,11,101.0,12.0,1.0,1.0,1.0,4.0,52.0,52.0,1961.0,2.0,1.0,0.0,0.0,21000.0,6737.197509878511,876860209194-101.0,False,True,50-59,Boomer
876860215069,11,101.0,12.0,1.0,1.0,1.0,7.0,45.0,45.0,1968.0,2.0,1.0,0.0,0.0,600.0,760.2741531016692,876860215069-101.0,False,True,40-49,Generation x
876860215386,11,102.0,12.0,1.0,1.0,1.0,7.0,58.0,58.0,1955.0,2.0,1.0,0.0,0.0,600.0,1047.5933576991858,876860215386-102.0,False,True,50-59,Boomer
876860215831,11,101.0,12.0,1.0,1.0,1.0,2.0,67.0,66.0,1947.0,2.0,1.0,0.0,0.0,9600.0,1317.6102135009626,876860215831-101.0,False,True,60 years and over,Boomer
876860215946,11,102.0,12.0,1.0,1.0,1.0,4.0,75.0,75.0,1938.0,2.0,1.0,0.0,0.0,2000.0,1499.2468653963028,876860215946-102.0,False,True,60 years and over,Silent
876860285855,11,101.0,12.0,1.0,1.0,1.0,1.0,49.0,48.0,1965.0,1.0,1.0,1.0,3000.0,27000.0,7377.332426272483,876860285855-101.0,True,True,40-49,Generation x
876860285887,11,101.0,12.0,1.0,1.0,1.0,7.0,63.0,63.0,1950.0,2.0,1.0,0.0,0.0,2000.0,2147.5792935851555,876860285887-101.0,False,True,60 years and over,Boomer
876860302883,11,102.0,12.0,1.0,1.0,1.0,4.0,49.0,49.0,1964.0,2.0,1.0,0.0,0.0,1500.0,838.0293305946292,876860302883-102.0,False,True,40-49,Boomer
876860334120,11,101.0,12.0,1.0,1.0,1.0,5.0,68.0,68.0,1945.0,2.0,1.0,0.0,0.0,18000.0,755.9510011819181,876860334120-101.0,False,True,60 years and over,Silent
876860359606,11,101.0,12.0,1.0,1.0,1.0,4.0,55.0,55.0,1958.0,2.0,1.0,0.0,0.0,5000.0,714.0650389224858,876860359606-101.0,False,True,50-59,Boomer
876860359779,11,101.0,12.0,1.0,1.0,1.0,12.0,79.0,79.0,1934.0,2.0,1.0,0.0,0.0,5000.0,626.3188609157572,876860359779-101.0,False,True,60 years and over,Silent
876860501018,11,104.0,12.0,1.0,1.0,1.0,11.0,57.0,57.0,1956.0,2.0,1.0,0.0,0.0,6580.0,1409.5508457433975,876860501018-104.0,False,True,50-59,Boomer
876860501655,11,101.0,12.0,1.0,1.0,1.0,8.0,46.0,46.0,1967.0,2.0,1.0,0.0,0.0,3600.0,1458.5139028592578,876860501655-101.0,False,True,40-49,Generation x
876860533613,11,102.0,12.0,1.0,1.0,1.0,12.0,55.0,55.0,1958.0,2.0,1.0,0.0,0.0,1200.0,2549.581777888693,876860533613-102.0,False,True,50-59,Boomer
876860533737,11,101.0,12.0,1.0,1.0,1.0,11.0,61.0,61.0,1952.0,2.0,1.0,0.0,0.0,15000.0,2456.830342367354,876860533737-101.0,False,True,60 years and over,Boomer
876860588655,11,102.0,12.0,1.0,1.0,1.0,10.0,53.0,53.0,1960.0,2.0,1.0,0.0,0.0,24000.0,1654.4460753880862,876860588655-102.0,False,True,50-59,Boomer
876860597291,11,101.0,12.0,1.0,1.0,1.0,12.0,54.0,54.0,1959.0,2.0,1.0,0.0,0.0,4000.0,1769.9398984338704,876860597291-101.0,False,True,50-59,Boomer
876860635831,11,101.0,12.0,1.0,1.0,1.0,2.0,51.0,50.0,1963.0,2.0,1.0,0.0,0.0,6000.0,2421.5415832493068,876860635831-101.0,False,True,50-59,Boomer
876860648631,11,101.0,12.0,1.0,1.0,1.0,4.0,47.0,47.0,1966.0,2.0,1.0,0.0,0.0,8000.0,1611.3623728401792,876860648631-101.0,False,True,40-49,Generation x
876860688933,11,101.0,12.0,1.0,1.0,1.0,5.0,62.0,61.0,1952.0,2.0,1.0,0.0,0.0,1000.0,1576.2155504379514,876860688933-101.0,False,True,60 years and over,Boomer
876860771779,11,101.0,12.0,1.0,1.0,1.0,5.0,50.0,50.0,1963.0,2.0,1.0,0.0,0.0,169.0,1142.297945620966,876860771779-101.0,False,True,50-59,Boomer
876860828402,11,101.0,12.0,1.0,1.0,1.0,3.0,49.0,48.0,1965.0,2.0,1.0,0.0,0.0,3500.0,802.8922198682892,876860828402-101.0,False,True,40-49,Generation x
876860847067,11,101.0,12.0,1.0,1.0,1.0,5.0,54.0,54.0,1959.0,2.0,1.0,0.0,0.0,10000.0,2283.5382475091355,876860847067-101.0,False,True,50-59,Boomer
876860848899,11,102.0,12.0,1.0,1.0,1.0,8.0,62.0,62.0,1951.0,2.0,1.0,0.0,0.0,4000.0,1664.0848862676946,876860848899-102.0,False,True,60 years and over,Boomer
876860849033,11,101.0,12.0,1.0,1.0,1.0,1.0,52.0,51.0,1962.0,2.0,1.0,0.0,0.0,2400.0,1028.9624984774932,876860849033-101.0,False,True,50-59,Boomer
876860925173,11,101.0,12.0,1.0,1.0,1.0,5.0,41.0,40.0,1973.0,2.0,1.0,0.0,0.0,500.0,1547.7517324322964,876860925173-101.0,False,True,40-49,Generation x
876860932069,11,101.0,12.0,1.0,1.0,1.0,1.0,47.0,46.0,1967.0,2.0,1.0,0.0,0.0,2000.0,1049.3013277246198,876860932069-101.0,False,True,40-49,Generation x
876860932087,11,101.0,12.0,1.0,1.0,1.0,6.0,60.0,60.0,1953.0,2.0,1.0,0.0,0.0,13000.0,6967.508797529882,876860932087-101.0,False,True,60 years and over,Boomer
876860967101,11,101.0,12.0,1.0,1.0,1.0,6.0,42.0,42.0,1971.0,2.0,1.0,0.0,0.0,3000.0,1043.8994102769923,876860967101-101.0,False,True,40-49,Generation x
876860967439,11,101.0,12.0,1.0,1.0,1.0,7.0,78.0,78.0,1935.0,2.0,1.0,0.0,0.0,400.0,738.7440796049567,876860967439-101.0,False,True,60 years and over,Silent
876860967439,11,102.0,12.0,1.0,1.0,1.0,5.0,75.0,75.0,1938.0,2.0,1.0,0.0,0.0,27000.0,738.7440796049567,876860967439-102.0,False,True,60 years and over,Silent
876860982389,11,101.0,12.0,1.0,1.0,1.0,3.0,68.0,67.0,1946.0,2.0,1.0,0.0,0.0,1400.0,1317.6102135009626,876860982389-101.0,False,True,60 years and over,Boomer
876995494198,11,101.0,12.0,1.0,1.0,1.0,4.0,50.0,49.0,1964.0,2.0,1.0,0.0,0.0,134.0,1588.5453319387836,876995494198-101.0,False,True,50-59,Boomer
881092098762,11,101.0,12.0,1.0,1.0,1.0,4.0,65.0,64.0,1949.0,2.0,1.0,0.0,0.0,12000.0,7451.020896349144,881092098762-101.0,False,True,60 years and over,Boomer
881136472898,11,102.0,12.0,1.0,1.0,1.0,9.0,51.0,51.0,1962.0,2.0,1.0,0.0,0.0,5090.0,9301.250486874771,881136472898-102.0,False,True,50-59,Boomer
881136494251,11,101.0,12.0,1.0,1.0,1.0,8.0,45.0,45.0,1968.0,1.0,1.0,2.0,2000.0,6000.0,6998.380406507644,881136494251-101.0,True,True,40-49,Generation x
881136662160,11,102.0,12.0,1.0,1.0,1.0,2.0,86.0,85.0,1928.0,2.0,1.0,0.0,0.0,720.0,4152.741981340348,881136662160-102.0,False,True,60 years and over,Silent
881136662160,11,104.0,12.0,1.0,6.0,1.0,9.0,53.0,53.0,1960.0,2.0,1.0,0.0,0.0,1200.0,4454.366307074132,881136662160-104.0,False,True,50-59,Boomer
881285092366,11,101.0,12.0,1.0,1.0,1.0,12.0,80.0,80.0,1933.0,2.0,1.0,0.0,0.0,12000.0,6003.8943899383985,881285092366-101.0,False,True,60 years and over,Silent
881285126547,11,102.0,12.0,1.0,1.0,1.0,11.0,77.0,77.0,1936.0,2.0,1.0,0.0,0.0,2000.0,4015.210633738003,881285126547-102.0,False,True,60 years and over,Silent
881285228229,11,102.0,12.0,1.0,1.0,1.0,11.0,74.0,74.0,1939.0,2.0,1.0,0.0,0.0,408.0,6715.019647892041,881285228229-102.0,False,True,60 years and over,Silent
881285228779,11,101.0,12.0,1.0,1.0,1.0,4.0,68.0,67.0,1946.0,1.0,1.0,1.0,200.0,200.0,5600.331793582353,881285228779-101.0,True,True,60 years and over,Boomer
881285274470,11,101.0,12.0,1.0,1.0,1.0,3.0,51.0,50.0,1963.0,1.0,1.0,1.0,2000.0,2000.0,4943.733102106823,881285274470-101.0,True,True,50-59,Boomer
881285274797,11,101.0,12.0,1.0,1.0,1.0,5.0,39.0,38.0,1975.0,2.0,1.0,0.0,0.0,9270.0,11014.96869753556,881285274797-101.0,False,True,30-39,Generation x
881285294394,11,103.0,12.0,1.0,1.0,1.0,12.0,48.0,48.0,1965.0,2.0,1.0,0.0,0.0,200.0,7826.034246323654,881285294394-103.0,False,True,40-49,Generation x
881285382536,11,102.0,12.0,1.0,1.0,1.0,5.0,71.0,71.0,1942.0,2.0,1.0,0.0,0.0,6000.0,4193.651771807319,881285382536-102.0,False,True,60 years and over,Silent
881285400467,11,101.0,12.0,1.0,1.0,1.0,4.0,43.0,43.0,1970.0,2.0,1.0,0.0,0.0,3000.0,5143.587304409462,881285400467-101.0,False,True,40-49,Generation x
881285421695,11,101.0,12.0,1.0,1.0,1.0,7.0,51.0,51.0,1962.0,1.0,1.0,1.0,1300.0,4300.0,5101.589902289955,881285421695-101.0,True,True,50-59,Boomer
881285500189,11,102.0,12.0,1.0,1.0,1.0,3.0,62.0,62.0,1951.0,1.0,1.0,1.0,2400.0,1200.0,7303.454988966391,881285500189-102.0,True,True,60 years and over,Boomer
881285597388,11,101.0,12.0,1.0,1.0,1.0,2.0,61.0,60.0,1953.0,2.0,1.0,0.0,0.0,7000.0,7545.3281581834935,881285597388-101.0,False,True,60 years and over,Boomer
881285688179,11,101.0,12.0,1.0,1.0,1.0,4.0,49.0,48.0,1965.0,2.0,1.0,0.0,0.0,1000.0,4976.907849719622,881285688179-101.0,False,True,40-49,Generation x
881285723161,11,101.0,12.0,1.0,1.0,1.0,11.0,53.0,53.0,1960.0,2.0,1.0,0.0,0.0,1200.0,5320.78640848611,881285723161-101.0,False,True,50-59,Boomer
881285995160,11,101.0,12.0,1.0,1.0,1.0,1.0,86.0,85.0,1928.0,2.0,1.0,0.0,0.0,12000.0,6528.495209835344,881285995160-101.0,False,True,60 years and over,Silent
881285995160,11,102.0,12.0,1.0,1.0,1.0,8.0,77.0,77.0,1936.0,2.0,1.0,0.0,0.0,12000.0,6879.785747235022,881285995160-102.0,False,True,60 years and over,Silent
881359098510,11,101.0,12.0,1.0,1.0,1.0,11.0,59.0,59.0,1954.0,2.0,1.0,0.0,0.0,27000.0,7818.20973346649,881359098510-101.0,False,True,50-59,Boomer
881408438549,11,101.0,12.0,1.0,1.0,1.0,9.0,66.0,66.0,1947.0,2.0,1.0,0.0,0.0,20000.0,4171.549512578202,881408438549-101.0,False,True,60 years and over,Boomer
881408438549,11,102.0,12.0,1.0,1.0,1.0,9.0,65.0,65.0,1948.0,2.0,1.0,0.0,0.0,17000.0,4171.549512578202,881408438549-102.0,False,True,60 years and over,Boomer
881418199162,11,102.0,12.0,1.0,1.0,1.0,5.0,66.0,66.0,1947.0,2.0,1.0,0.0,0.0,30.0,3974.2904515452224,881418199162-102.0,False,True,60 years and over,Boomer
881418215602,11,101.0,12.0,1.0,1.0,1.0,7.0,66.0,66.0,1947.0,2.0,1.0,0.0,0.0,15000.0,3378.1226038672066,881418215602-101.0,False,True,60 years and over,Boomer
881418276277,11,102.0,12.0,1.0,1.0,1.0,6.0,75.0,75.0,1938.0,2.0,1.0,0.0,0.0,2500.0,7345.635395440396,881418276277-102.0,False,True,60 years and over,Silent
881418597440,11,101.0,12.0,1.0,1.0,1.0,6.0,63.0,63.0,1950.0,2.0,1.0,0.0,0.0,10000.0,3069.649524183863,881418597440-101.0,False,True,60 years and over,Boomer
881418597440,11,102.0,12.0,1.0,1.0,1.0,9.0,68.0,68.0,1945.0,2.0,1.0,0.0,0.0,4000.0,3069.649524183863,881418597440-102.0,False,True,60 years and over,Silent
881418604196,11,101.0,12.0,1.0,1.0,1.0,6.0,62.0,62.0,1951.0,2.0,1.0,0.0,0.0,2500.0,2897.8503492796785,881418604196-101.0,False,True,60 years and over,Boomer
881418828967,11,102.0,12.0,1.0,1.0,1.0,10.0,35.0,35.0,1978.0,2.0,1.0,0.0,0.0,15000.0,3287.043856658673,881418828967-102.0,False,True,30-39,Generation x
881418995194,11,101.0,12.0,1.0,1.0,1.0,10.0,86.0,86.0,1927.0,2.0,1.0,0.0,0.0,7000.0,4322.5720555067255,881418995194-101.0,False,True,60 years and over,Silent
881418995267,11,101.0,12.0,1.0,1.0,1.0,4.0,69.0,68.0,1945.0,2.0,1.0,0.0,0.0,2000.0,4109.960939842975,881418995267-101.0,False,True,60 years and over,Silent
881418995267,11,102.0,12.0,1.0,1.0,1.0,10.0,74.0,74.0,1939.0,2.0,1.0,0.0,0.0,9000.0,4109.960939842975,881418995267-102.0,False,True,60 years and over,Silent
881418995301,11,101.0,12.0,1.0,1.0,1.0,1.0,52.0,51.0,1962.0,2.0,1.0,0.0,0.0,1000.0,9591.909444231283,881418995301-101.0,False,True,50-59,Boomer
881418995671,11,101.0,12.0,1.0,1.0,1.0,9.0,40.0,40.0,1973.0,2.0,1.0,0.0,0.0,20000.0,5520.082423001363,881418995671-101.0,False,True,40-49,Generation x
881552199298,11,101.0,12.0,1.0,1.0,1.0,12.0,27.0,27.0,1986.0,2.0,1.0,0.0,0.0,3000.0,5580.495798189439,881552199298-101.0,False,True,under 30,Millennials
881552625061,11,101.0,12.0,1.0,1.0,1.0,8.0,59.0,59.0,1954.0,2.0,1.0,0.0,0.0,10000.0,6414.707612959598,881552625061-101.0,False,True,50-59,Boomer
881552625960,11,101.0,12.0,1.0,1.0,1.0,3.0,44.0,43.0,1970.0,2.0,1.0,0.0,0.0,3000.0,4501.956496780648,881552625960-101.0,False,True,40-49,Generation x
881552689311,11,101.0,12.0,1.0,1.0,1.0,6.0,47.0,47.0,1966.0,2.0,1.0,0.0,0.0,27000.0,10961.901322075206,881552689311-101.0,False,True,40-49,Generation x
881816049451,11,101.0,12.0,1.0,1.0,1.0,2.0,53.0,52.0,1961.0,2.0,1.0,0.0,0.0,2800.0,7532.098635718702,881816049451-101.0,False,True,50-59,Boomer
881816049451,11,102.0,12.0,1.0,1.0,1.0,7.0,52.0,52.0,1961.0,2.0,1.0,0.0,0.0,1800.0,7532.098635718702,881816049451-102.0,False,True,50-59,Boomer
881816199251,11,101.0,12.0,1.0,1.0,1.0,6.0,69.0,69.0,1944.0,2.0,1.0,0.0,0.0,5000.0,5305.950603808769,881816199251-101.0,False,True,60 years and over,Silent
881816382797,11,101.0,12.0,1.0,1.0,1.0,7.0,55.0,55.0,1958.0,2.0,1.0,0.0,0.0,2000.0,9123.464854031303,881816382797-101.0,False,True,50-59,Boomer
881816633195,11,102.0,12.0,1.0,1.0,1.0,2.0,40.0,39.0,1974.0,2.0,1.0,0.0,0.0,7000.0,7605.459482199109,881816633195-102.0,False,True,40-49,Generation x
881816662018,11,101.0,12.0,1.0,1.0,1.0,4.0,52.0,52.0,1961.0,2.0,1.0,0.0,0.0,15000.0,8077.2227509410795,881816662018-101.0,False,True,50-59,Boomer
881816662189,11,102.0,12.0,1.0,1.0,1.0,9.0,52.0,52.0,1961.0,2.0,1.0,0.0,0.0,4000.0,7532.098635718702,881816662189-102.0,False,True,50-59,Boomer
881816662470,11,101.0,12.0,1.0,1.0,1.0,5.0,81.0,81.0,1932.0,2.0,1.0,0.0,0.0,400.0,3642.3478852764038,881816662470-101.0,False,True,60 years and over,Silent
881816824770,11,101.0,12.0,1.0,1.0,1.0,5.0,48.0,48.0,1965.0,2.0,1.0,0.0,0.0,2000.0,3160.357591728987,881816824770-101.0,False,True,40-49,Generation x
881816982198,11,102.0,12.0,1.0,1.0,1.0,12.0,33.0,33.0,1980.0,2.0,1.0,0.0,0.0,3600.0,5313.390471186388,881816982198-102.0,False,True,30-39,Generation x
881860023127,11,101.0,12.0,1.0,1.0,1.0,12.0,55.0,55.0,1958.0,2.0,1.0,0.0,0.0,12000.0,7811.092964204523,881860023127-101.0,False,True,50-59,Boomer
881860023127,11,102.0,12.0,1.0,1.0,1.0,10.0,52.0,52.0,1961.0,2.0,1.0,0.0,0.0,12000.0,7811.092964204523,881860023127-102.0,False,True,50-59,Boomer
881860037233,11,101.0,12.0,1.0,1.0,1.0,8.0,53.0,53.0,1960.0,2.0,1.0,0.0,0.0,10000.0,6712.367775863077,881860037233-101.0,False,True,50-59,Boomer
881860037233,11,102.0,12.0,1.0,1.0,1.0,7.0,54.0,54.0,1959.0,2.0,1.0,0.0,0.0,10000.0,6712.367775863077,881860037233-102.0,False,True,50-59,Boomer
881860046935,11,101.0,12.0,1.0,1.0,1.0,12.0,50.0,50.0,1963.0,2.0,1.0,0.0,0.0,18000.0,7720.332952835085,881860046935-101.0,False,True,50-59,Boomer
881860049531,11,101.0,12.0,1.0,1.0,1.0,10.0,61.0,61.0,1952.0,2.0,1.0,0.0,0.0,12000.0,4259.443086691306,881860049531-101.0,False,True,60 years and over,Boomer
881860049762,11,101.0,12.0,1.0,1.0,1.0,1.0,60.0,59.0,1954.0,2.0,1.0,0.0,0.0,5000.0,4539.562575003145,881860049762-101.0,False,True,60 years and over,Boomer
881860285844,11,101.0,12.0,1.0,1.0,1.0,2.0,61.0,60.0,1953.0,2.0,1.0,0.0,0.0,1000.0,4007.695143009295,881860285844-101.0,False,True,60 years and over,Boomer
881860323414,11,101.0,12.0,1.0,1.0,1.0,5.0,45.0,45.0,1968.0,2.0,1.0,0.0,0.0,6000.0,9699.628406365722,881860323414-101.0,False,True,40-49,Generation x
881860344751,11,102.0,12.0,1.0,1.0,1.0,6.0,60.0,60.0,1953.0,2.0,1.0,0.0,0.0,13200.0,4768.087808160617,881860344751-102.0,False,True,60 years and over,Boomer
881860382366,11,106.0,12.0,1.0,6.0,1.0,8.0,50.0,50.0,1963.0,2.0,1.0,0.0,0.0,2000.0,3819.289110532884,881860382366-106.0,False,True,50-59,Boomer
881860382383,11,101.0,12.0,1.0,1.0,1.0,3.0,61.0,61.0,1952.0,2.0,1.0,0.0,0.0,3000.0,4890.054616292469,881860382383-101.0,False,True,60 years and over,Boomer
881860382857,11,101.0,12.0,1.0,6.0,1.0,11.0,58.0,58.0,1955.0,2.0,1.0,0.0,0.0,2000.0,6704.72264685582,881860382857-101.0,False,True,50-59,Boomer
881860400194,11,101.0,12.0,1.0,1.0,1.0,1.0,42.0,41.0,1972.0,1.0,1.0,1.0,1000.0,2000.0,2679.182279426348,881860400194-101.0,True,True,40-49,Generation x
881860400318,11,101.0,12.0,1.0,1.0,1.0,12.0,72.0,72.0,1941.0,2.0,1.0,0.0,0.0,14400.0,6447.842994129655,881860400318-101.0,False,True,60 years and over,Silent
881860400318,11,102.0,12.0,1.0,1.0,1.0,6.0,72.0,72.0,1941.0,2.0,1.0,0.0,0.0,14400.0,6447.842994129655,881860400318-102.0,False,True,60 years and over,Silent
881860403280,11,105.0,12.0,1.0,6.0,1.0,3.0,49.0,49.0,1964.0,1.0,1.0,1.0,2000.0,3000.0,7220.683620955364,881860403280-105.0,True,True,40-49,Boomer
881860408189,11,101.0,12.0,1.0,6.0,1.0,5.0,53.0,52.0,1961.0,2.0,1.0,0.0,0.0,4000.0,7685.991770800021,881860408189-101.0,False,True,50-59,Boomer
881860408189,11,102.0,12.0,1.0,6.0,1.0,8.0,63.0,63.0,1950.0,2.0,1.0,0.0,0.0,22000.0,7685.991770800021,881860408189-102.0,False,True,60 years and over,Boomer
881860421285,11,101.0,12.0,1.0,1.0,1.0,2.0,85.0,84.0,1929.0,2.0,1.0,0.0,0.0,1900.0,6577.438421667459,881860421285-101.0,False,True,60 years and over,Silent
881860438999,11,101.0,12.0,1.0,1.0,1.0,12.0,63.0,63.0,1950.0,2.0,1.0,0.0,0.0,7000.0,7035.871340214135,881860438999-101.0,False,True,60 years and over,Boomer
881860500125,11,101.0,12.0,1.0,1.0,1.0,10.0,58.0,58.0,1955.0,2.0,1.0,0.0,0.0,20000.0,6974.992920216811,881860500125-101.0,False,True,50-59,Boomer
881860527033,11,104.0,12.0,1.0,1.0,1.0,7.0,44.0,44.0,1969.0,2.0,1.0,0.0,0.0,20000.0,5520.082423001363,881860527033-104.0,False,True,40-49,Generation x
881860625770,11,101.0,12.0,1.0,1.0,1.0,1.0,54.0,53.0,1960.0,2.0,1.0,0.0,0.0,8000.0,2610.168796915829,881860625770-101.0,False,True,50-59,Boomer
881860684232,11,101.0,12.0,1.0,1.0,1.0,5.0,61.0,61.0,1952.0,2.0,1.0,0.0,0.0,2000.0,4342.008506079231,881860684232-101.0,False,True,60 years and over,Boomer
881860726505,11,101.0,12.0,1.0,1.0,1.0,5.0,59.0,59.0,1954.0,2.0,1.0,0.0,0.0,1200.0,7809.605885212139,881860726505-101.0,False,True,50-59,Boomer
881860810003,11,101.0,12.0,1.0,1.0,1.0,7.0,50.0,50.0,1963.0,2.0,1.0,0.0,0.0,12000.0,7811.092964204523,881860810003-101.0,False,True,50-59,Boomer
881860810003,11,102.0,12.0,1.0,1.0,1.0,3.0,57.0,56.0,1957.0,2.0,1.0,0.0,0.0,3000.0,7811.092964204523,881860810003-102.0,False,True,50-59,Boomer
881860810797,11,101.0,12.0,1.0,1.0,1.0,8.0,64.0,64.0,1949.0,2.0,1.0,0.0,0.0,12000.0,8510.134250425053,881860810797-101.0,False,True,60 years and over,Boomer
881860816375,11,102.0,12.0,1.0,1.0,1.0,3.0,74.0,73.0,1940.0,2.0,1.0,0.0,0.0,12600.0,5124.6928186538,881860816375-102.0,False,True,60 years and over,Silent
881860816584,11,101.0,12.0,1.0,1.0,1.0,2.0,60.0,59.0,1954.0,2.0,1.0,0.0,0.0,49.0,2487.2186248351513,881860816584-101.0,False,True,60 years and over,Boomer
881860816801,11,102.0,12.0,1.0,1.0,1.0,5.0,56.0,55.0,1958.0,2.0,1.0,0.0,0.0,27000.0,7758.249755948173,881860816801-102.0,False,True,50-59,Boomer
881860849762,11,101.0,12.0,1.0,1.0,1.0,12.0,66.0,66.0,1947.0,2.0,1.0,0.0,0.0,8000.0,4587.1886139027565,881860849762-101.0,False,True,60 years and over,Boomer
881860929414,11,101.0,12.0,1.0,1.0,1.0,12.0,50.0,50.0,1963.0,2.0,1.0,0.0,0.0,5000.0,6445.311337857436,881860929414-101.0,False,True,50-59,Boomer
881860988705,11,102.0,12.0,1.0,1.0,1.0,5.0,66.0,66.0,1947.0,2.0,1.0,0.0,0.0,30.0,2809.6197645710718,881860988705-102.0,False,True,60 years and over,Boomer
881995023788,11,101.0,12.0,1.0,1.0,1.0,6.0,64.0,64.0,1949.0,2.0,1.0,0.0,0.0,3000.0,5579.236210279139,881995023788-101.0,False,True,60 years and over,Boomer
